人,190
桥,146
父亲,145
事,137
问,133
时,109
公司,88
纸鹤,75
神社,74
被害人,70
男子,65
手机,59
状况,54
儿子,53
开口,53
案件,51
照片,51
职灾,50
麒麟,49
爸,49
水,49
医院,47
神,47
办法,44
神情,43
店,43
时间,42
警方,42
凶手,39
刀子,39
地方,38
母亲,38
学校,38
脸,37
纸,37
联络,36
案子,36
声,36
咖啡店,36
嫌犯,35
一带,34
简讯,34
同学,34
电话,33
中学,33
印象,33
头,33
消息,33
泳池,33
报告,32
语气,32
情况,31
工厂,31
金属,31
金关,30
孩子,30
出租车,29
关系,29
丈夫,29
案发,29
部落,29
事情,28
回家,28
脚步,28
指,28
老师,28
社,28
柳家,28
地下道,27
皮夹,27
话,27
部份,27
车站,27
目光,26
心情,26
地点,25
原因,25
桥署,24
大道,24
原本,24
人形,24
男人,23
官,23
格,23
咖啡,22
内容,22
交代,22
事实,22
员工,22
客厅,22
电视,22
中央,21
内心,21
朋友,21
作业员,21
社员,21
名字,20
家属,20
一事,20
电影,20
思索,19
口气,19
媒体,19
命案,19
老板娘,19
视线,18
家人,18
画面,18
刀,18
医师,18
社长,18
证明,18
十色,18
意识,17
干嘛,17
茶,17
公文包,17
纪录,17
客人,17
商量,17
目的,17
屏幕,16
报导,16
店里,16
通话,15
低头,15
眼神,15
现场,15
气氛,15
人员,15
绿道,15
成绩,15
颜色,15
书店,15
表情,14
工作人员,14
女友,14
部长,14
钱,14
理由,14
年轻人,14
会议,14
亲戚,14
大门,14
学生,14
派出所,13
身影,13
感觉,13
机会,13
系长,13
方向,13
外头,13
眼镜盒,13
店员,13
店家,13
机械,13
室,13
男,13
杀人,13
指纹,13
真田,13
色纸,13
前辈,13
心想,12
特地,12
店门,12
课,12
建筑,12
记事本,12
救护车,12
母子,12
总部,12
证据,12
新闻报导,12
办公室,12
厂长,12
杂志,12
花子,12
西装,11
嘴,11
手,11
号码,11
我会,11
妹妹,11
责任,11
案发现场,11
大伙,11
想象,11
脑海,11
饮料,11
男性,11
答案,11
动机,11
社团,11
网络,11
讲话,11
女性,11
守灵,11
袜子,11
折纸,11
黄色,11
女店员,11
资料,11
桥头,10
卡车,10
高速公路,10
对话,10
电视台,10
处,10
身分,10
话语,10
门,10
小时,10
传统,10
塑料袋,10
计算机,10
啤酒,10
等候,10
礼,10
对讲机,10
走廊,10
荞麦面,10
采访员,10
香油钱,10
监视器,10
背影,9
行人,9
道路,9
眉,9
神色,9
警视厅,9
路,9
模样,9
数据,9
会客室,9
会议室,9
线索,9
公园,9
通讯簿,9
一楼,9
误会,9
大楼,9
新闻,9
门铃,9
时代,9
商品,9
路线,9
名片,9
成,9
毕业,9
关键,9
方法,9
餐厅,9
岩井,9
水难,9
桌面,8
服务生,8
大学,8
消失,8
咖啡杯,8
皱眉,8
外套,8
小心,8
司机,8
病房,8
思绪,8
遗照,8
情绪,8
计划,8
状态,8
总公司,8
手帕,8
细节,8
表哥,8
名称,8
问道,8
地望,8
伙伴,8
葬礼,8
地图,8
茶碗,8
手表,8
警卫,8
角落,8
黑,8
程度,8
证言,8
中目,8
心脏,8
坦白,8
影片,8
青铜像,7
命令,7
动员,7
客气,7
笑容,7
下巴,7
面,7
女儿,7
通报,7
地区,7
条,7
情报,7
遗体,7
暗想,7
物品,7
收据,7
气,7
声响,7
嗓音,7
头绪,7
主管,7
结案,7
代表,7
脑袋,7
肩膀,7
见状,7
葬仪社,7
亲友,7
精神,7
长椅,7
女职员,7
生产线,7
过程,7
双手,7
咖啡厅,7
观光,7
后遗症,7
护身符,7
灵验,7
老实,7
翅膀,7
家具,7
明信片,7
放学,7
接力赛,7
特训,7
拍照片,7
长颈鹿,7
家伙,6
电话号码,6
差点,6
话题,6
语带,6
大人,6
目的地,6
情景,6
态度,6
义务,6
手套,6
浑身,6
记录,6
中刀,6
项目,6
轮流,6
地面,6
脑,6
妈,6
当事人,6
关心,6
办案,6
来源,6
阶梯,6
高声,6
内袋,6
圆,6
便利商店,6
键,6
姓名,6
陌生,6
原,6
岛,6
工务,6
身体,6
低声,6
课长,6
凶器,6
问话,6
理想,6
标题,6
二楼,6
眼,6
身子,6
镜头,6
字,6
厨房,6
重点,6
见面,6
鬼,6
条件,6
输送带,6
日子,6
作业,6
方式,6
可能性,6
心,6
专卖店,6
谜团,6
稻荷,6
纸袋,6
电影院,6
征人,6
社务,6
家庭,6
偶遇,6
睁开眼,6
大赛,6
社办,6
池畔,6
学弟,6
电子邮件,6
经济,5
步道,5
灯柱,5
台座,5
空,5
建议,5
辖区,5
意见,5
背脊,5
情愿,5
银座,5
上车,5
咽下,5
人生,5
整理,5
马路,5
行凶,5
痕迹,5
缘故,5
民众,5
理事,5
小组,5
人行道,5
建筑物,5
氛围,5
情形,5
公分,5
金额,5
手电筒,5
原地,5
款式,5
压力,5
疑点,5
背景,5
伤势,5
公寓,5
会议厅,5
座位,5
同事,5
女子,5
走路,5
导师,5
这番话,5
太太,5
爸爸,5
气质,5
记忆,5
校方,5
目击者,5
脚,5
甘酒,5
空间,5
藏身,5
偏头,5
颈子,5
眼睛,5
同感,5
线,5
厂房,5
脸色,5
方脸,5
老字号,5
杯子,5
仪式,5
妈妈,5
祭坛,5
行李,5
鸟居,5
照面,5
下腹部,5
空气,5
榻榻米,5
破洞,5
原点,5
目标,5
主殿,5
尺寸,5
边长,5
脚步声,5
过桥,4
景气,4
起点,4
装饰,4
光芒,4
啜口,4
笔,4
歹徒,4
警戒,4
脸庞,4
晚餐,4
电车,4
表弟,4
老爸,4
总会,4
姑姑,4
警车,4
中心,4
职位,4
待会儿,4
异状,4
距离,4
血迹,4
证券公司,4
历史,4
人潮,4
警徽,4
质问,4
双腿,4
讲爸,4
坏话,4
正色,4
友人,4
妻子,4
天花板,4
无力,4
文件,4
所有人,4
资深,4
车祸,4
拮据,4
椅子,4
父母,4
育幼院,4
事务所,4
梦想,4
下唇,4
医生,4
职员,4
侦讯,4
长官,4
新宿,4
巡警,4
住址,4
证物,4
低下头,4
家门,4
眼眶,4
全身,4
体会,4
房间,4
舅舅,4
话筒,4
双亲,4
个性,4
遥控器,4
节目,4
大众,4
年长,4
褐色,4
邮件,4
抽屉,4
用力,4
胳膊,4
餐饮店,4
福气,4
挥挥手,4
街道,4
灯屋,4
社会,4
样子,4
花纹,4
热,4
脚本,4
步伐,4
双唇,4
车子,4
办公桌,4
参观,4
用餐,4
午餐,4
自我介绍,4
颈部,4
手机号码,4
停机,4
伤病,4
主意,4
餐点,4
被车撞,4
棺木,4
小刀,4
专家,4
追究责任,4
行事,4
跟我来,4
小网,4
神明,4
鬼神,4
住宅区,4
身体状况,4
牺牲者,4
店长,4
干坏事,4
书包,4
区公所,4
问问,4
谎言,4
泪水,4
上司,4
大费周章,4
紫色,4
嘴角,4
太,4
女士,4
铜像,4
家具店,4
记下,4
气息,4
面向,4
木匠,4
校门,4
门柱,4
指导,4
校舍,4
池底,4
新干线,4
公式,4
小伙子,4
剪票口,4
车辆,3
交通,3
背对背,3
龙,3
肩,3
劲,3
老人,3
狗,3
动静,3
轮廓,3
食店,3
指指,3
无情,3
警官,3
父子,3
患者,3
围观,3
课员,3
案,3
阶级,3
警部,3
杀人案,3
心理准备,3
办公大楼,3
外观,3
逃离现场,3
心思,3
迹象,3
层楼,3
谈话室,3
住家,3
一隅,3
会议桌,3
被害者,3
体贴,3
定睛,3
现金,3
证,3
数字,3
兴趣,3
百货公司,3
五官,3
高个子,3
灰,3
酒,3
行径,3
口水,3
食欲,3
满腹,3
县,3
常理,3
好消息,3
席,3
刀柄,3
行迹,3
小组会议,3
无法解释,3
后脑勺,3
主治医师,3
钟头,3
病人,3
开襟,3
气色,3
原委,3
小声,3
报纸,3
双眸,3
脸颊,3
血,3
外婆,3
庭院,3
哥,3
居民,3
步行,3
女生,3
爸妈,3
声道,3
双臂,3
店铺,3
证词,3
档案夹,3
成果,3
手工,3
人物,3
行,3
路程,3
外人,3
动弹,3
关系人,3
标,3
条路,3
厂,3
窗户,3
知情,3
班长,3
原料,3
笔记本,3
立场,3
开业,3
顺序,3
全员,3
衣物,3
火化,3
眼色,3
板着脸,3
所有物,3
眉头,3
座席,3
咽气,3
出面,3
上桌,3
筷子,3
形式,3
主持人,3
恩怨,3
名嘴,3
校园,3
灯光,3
数度,3
层级,3
照例,3
心愿,3
行经,3
事件,3
脸部,3
主谋,3
导火线,3
动作,3
谣言,3
酒店,3
原位,3
检方,3
楼,3
负责人,3
住处,3
整件事,3
时机,3
处境,3
意义,3
冰箱,3
刀具,3
电工,3
手背,3
纸箱,3
部,3
小子,3
行号,3
男士,3
整串,3
数量,3
笑意,3
社方,3
正方形,3
区,3
紫,3
幼犬,3
长长,3
死法,3
责难,3
口袋,3
网络新闻,3
癌细胞,3
青,3
府上,3
天色,3
围栏,3
奶茶,3
甜食,3
秘诀,3
世界,3
雕像,3
职人,3
技术,3
对面,3
教室,3
小房间,3
讯息,3
教师,3
关门,3
人选,3
内,3
活页夹,3
交棒,3
文,3
饭店,3
写信给,3
身材,2
深褐,2
杀风景,2
作何,2
姿势,2
黑色,2
桌席,2
声音,2
储存,2
报警,2
局,2
护士,2
心意,2
人士,2
季节,2
问候,2
扫墓,2
单行道,2
群众,2
无表情,2
现况,2
身形,2
量,2
百货,2
交流,2
中段,2
犯案,2
穿鞋,2
区域,2
会通,2
车流量,2
指向,2
所指,2
斑马线,2
后座,2
钱包,2
借口,2
侧门,2
耳,2
家事,2
骗人,2
手臂,2
真实感,2
肌肤,2
脑子,2
地名,2
性命,2
机动,2
队,2
身心,2
经历,2
私下,2
头痛,2
仓皇,2
标准,2
利落,2
散发出,2
制造商,2
人脑,2
结帐,2
全家,2
聚餐,2
卡,2
钞票,2
全权处理,2
网,2
长臂,2
装,2
眼镜,2
熟食店,2
运动服,2
服务业,2
干事,2
错,2
标记,2
关机,2
实情,2
手术,2
存款,2
全落,2
牙齿,2
松口气,2
布置,2
办公,2
图,2
同组,2
指教,2
少女,2
现身,2
案情,2
头部,2
现居,2
方针,2
警力,2
引擎,2
会客,2
音量,2
睁开眼睛,2
奇迹,2
案例,2
牛仔裤,2
喉咙,2
生长,2
附耳低语,2
单方面,2
私生活,2
窗帘,2
床上,2
过分,2
仙台,2
铃声,2
清子,2
泪痕,2
眼皮,2
信息,2
报,2
字幕,2
记者,2
时会,2
汤,2
食物,2
画,2
铁门,2
兄妹,2
特写,2
眼泪,2
哑声,2
名义,2
关,2
环,2
阖上,2
平行,2
对象,2
强势,2
前提,2
同款,2
信,2
棘手,2
布制,2
面具,2
祭典,2
图样,2
原文,2
用具,2
编织,2
景象,2
熟门熟路,2
后头,2
木,2
洞察力,2
夹,2
武士,2
源义,2
插曲,2
石像,2
大路,2
数字相机,2
亲子,2
老店,2
散步,2
毛病,2
院方,2
白袍,2
病况,2
头晕,2
僵,2
入籍,2
润润唇,2
现实,2
肚里,2
刺耳,2
灯,2
屋,2
人才,2
兵分二路,2
民宅,2
双层,2
廉价,2
茶几,2
损失,2
肤色,2
手指,2
未免太,2
机台,2
按钮,2
理会,2
小跑步,2
收费,2
停车场,2
贩卖机,2
瓶装,2
瓶,2
全数,2
店名,2
纸笔,2
老人家,2
灾,2
环节,2
费用,2
流程,2
殡仪馆,2
奠仪,2
行礼,2
体格,2
致词,2
场面话,2
时期,2
餐桌,2
评价,2
光会,2
火葬场,2
母女俩,2
刀款,2
吧台,2
人父,2
低喃,2
把柄,2
街角,2
店门口,2
小菜,2
半空,2
内情,2
苦衷,2
大婶,2
提出申请,2
职业,2
因素,2
地站,2
摄影,2
大神,2
转角,2
狐狸,2
神殿,2
平台,2
考大学,2
力量,2
教会,2
谷线,2
会意,2
神佛,2
强光,2
症状,2
灾害,2
肇因,2
女,2
体型,2
地问,2
伤脑筋,2
动物,2
散会,2
事态,2
护理,2
个头,2
悲剧,2
说词,2
新闻节目,2
低收入,2
困境,2
同情,2
舆论,2
甘心,2
字纸篓,2
信箱,2
白眼,2
大坏蛋,2
小事,2
小孩,2
笑脸,2
承办人,2
案发后,2
犯事,2
食指,2
分际,2
好事,2
同桌,2
恢复健康,2
虔诚地,2
巷子,2
栅栏,2
样,2
歉意,2
着数,2
例子,2
文具店,2
纸质,2
代表性,2
步,2
纸店,2
店面,2
规划,2
橘褐,2
正殿,2
半球,2
生,2
段距离,2
道别,2
宅邸,2
展示厅,2
依言,2
临时工,2
结论,2
鸣笛,2
千金,2
盘腿,2
上学,2
手腕,2
数,2
排序,2
树木,2
地铁,2
营业,2
林间,2
毛毯,2
瓶颈,2
压迫感,2
男生,2
干杯,2
孕妇,2
气温,2
票,2
机率,2
凝视着,2
勇气,2
飞,2
木工,2
阴霾,2
专用,2
菜单,2
全盘,2
同行者,2
志向,2
先谈,2
压根,2
升学,2
冷空气,2
使者,2
罪名,2
谎话,2
卖场,2
女客,2
定格,2
书架,2
书架上,2
书,2
笔记型,2
压上,2
洋食,2
长桌,2
炖牛肉,2
饼,2
独生子,2
尸体,2
奖杯,2
校际,2
关键词,2
衣服,2
层面,2
反省,2
水底,2
纪念册,2
页面,2
档案,2
谜,2
私生子,2
外界,2
一连串,2
冰,2
感兴趣,2
白雾,2
大房子,2
女声,2
大衣,2
夫人,2
秘密,2
积雪,2
木牌,2
头发,2
责任心,2
学长,2
回程,2
名单,2
温度,2
遗物,2
伤痕,2
实力,2
成员,2
腿,2
臂力,2
不容,2
发文,2
指甲,2
君,2
文章,2
领带,2
同伴,2
频率,2
采取行动,2
寄件,2
备份,2
天空,2
化名,2
品川,2
轨,2
警局,2
监牢,2
演技,2
泳者,2
错误观念,2
资格,2
中年人,1
货,1
国家,1
文化,1
财产,1
辛勤工作,1
商用车,1
高价,1
货品,1
订量,1
营生,1
生意人,1
团体,1
导游,1
用地,1
景观,1
国土,1
游民,1
光景,1
加点,1
酒味,1
物体,1
染上,1
用惯,1
功能,1
平,1
径落,1
眼窝,1
原座,1
原子笔,1
餐巾纸,1
纸面,1
手法,1
好险,1
标明,1
收银台,1
嗅觉,1
职业病,1
特效药,1
人手,1
法事,1
好凶,1
茶杯,1
时钟,1
劳动基准,1
日程,1
独子,1
外甥,1
连亲,1
薄情,1
寡义,1
寿命,1
原则,1
警界,1
近亲,1
近况,1
传讯,1
连墓,1
墓地,1
纳骨,1
墓碑,1
明事,1
问句,1
生者,1
遗族,1
单向,1
禁止通行,1
人墙,1
臂章,1
右肩,1
细小,1
约会,1
小指,1
肢体,1
语言,1
轮值,1
时说,1
老婆,1
德性,1
女孩,1
嫁人,1
勤务,1
干线,1
组员,1
官注,1
警视,1
课系,1
身躯,1
野村,1
证券,1
本店,1
黑夜,1
通路,1
仪器,1
户桥,1
宽幅,1
高度,1
个子,1
总长,1
人车,1
使用率,1
行车,1
会花,1
取得联系,1
车载,1
对岸,1
混人,1
费工夫,1
皮包,1
里程,1
计价表,1
目黑家,1
玻璃门,1
问青,1
嗓子,1
软瘫,1
哭声,1
影子,1
遗容,1
浅褐,1
轻抚,1
面庞,1
床缘,1
房门,1
座架,1
刑案,1
巡逻车,1
警用,1
机车,1
凶犯,1
毒手,1
家乡,1
反目,1
公事,1
提供线索,1
柜台,1
大理石,1
材质,1
女警,1
露面,1
穿著,1
证件,1
大拇指,1
部位,1
上馆子,1
挂号,1
零钱,1
总额,1
袋子,1
咖,1
会员卡,1
拉链,1
背带,1
转移视线,1
名片夹,1
文库,1
数位,1
个人兴趣,1
暗色,1
地向,1
习惯,1
外出服,1
人居,1
酒屋,1
啤酒杯,1
人影,1
时针,1
池袋,1
飞镖,1
酒吧,1
空罐,1
天性,1
陌生人,1
口吃,1
人力,1
屏幕显示,1
待机,1
讯号,1
别支,1
情绪低落,1
胃针,1
作痛,1
动手术,1
声明,1
天问,1
信任,1
环抱,1
地闭,1
环上,1
双亡,1
弃儿,1
产下,1
生父,1
建筑工程,1
营造商,1
建筑业,1
建案,1
薪水,1
终老,1
租间,1
专业技能,1
薪,1
度日,1
屋漏,1
雨,1
担子,1
房租,1
前额,1
吸烟区,1
道声,1
早安,1
烟枪,1
收队,1
小命,1
象样,1
人头,1
供词,1
桌椅,1
专线电话,1
邻座,1
遇害案,1
主角,1
眉间,1
主持会议,1
金属制造,1
倒地,1
全长约,1
刀刃,1
拔腿就跑,1
轻型机车,1
遗落,1
梗概,1
调度,1
分派,1
领头,1
事物,1
人马,1
速速,1
运气,1
有钱人,1
市中心,1
看情形,1
地域,1
医护人员,1
专业术语,1
省略,1
头盖骨,1
复杂性,1
骨折,1
脑部,1
衬衫,1
加件,1
羽绒,1
夹克,1
大包,1
化妆,1
桌子,1
烟灰缸,1
失业,1
金本,1
公平,1
晚报,1
伤人,1
眼角,1
缝隙,1
天气,1
电视新闻,1
犯人,1
听筒,1
娘家,1
大作,1
直属,1
部下,1
小时候,1
老家,1
肿,1
天气图,1
气象,1
频道,1
天气预报,1
压压,1
蛀牙,1
疼痛,1
八卦,1
步下,1
旅车,1
玻璃窗,1
扇窗,1
背景音乐,1
死角,1
中心地带,1
会派,1
耐性,1
电视节目,1
蛋,1
吐司,1
罐头,1
机械式,1
简略,1
道长,1
手巾,1
评论家,1
演艺圈,1
心灵,1
现代人,1
别台,1
脸孔,1
中年妇女,1
信赖,1
面纸,1
鼻涕,1
心目,1
中爸,1
任性,1
端茶,1
插话,1
现下,1
大头照,1
彩色,1
双颊,1
拳击手,1
名号,1
发音,1
前金,1
隶属于,1
部门,1
爸劫,1
财,1
男家,1
圆场,1
权利,1
闭口,1
不语,1
心虚,1
爸事,1
警员,1
调查结果,1
现人,1
遭金,1
人事部,1
不法,1
情事,1
经营者,1
少见,1
客观,1
绘火,1
阿龟,1
造型,1
地方性,1
火,1
头巾,1
样貌,1
中意,1
老父,1
牢牢记,1
招辆,1
太会,1
舅舅家,1
商家,1
老街,1
编笼,1
箱子,1
茶庄,1
文字,1
煎饼,1
摸鱼,1
耳闻,1
功臣,1
布帘,1
艺品店,1
妇人,1
笑咪咪,1
圆脸,1
化妆包,1
绒毛,1
玩偶,1
展示台,1
色彩,1
陀螺,1
缝法,1
小纹,1
饰物,1
原路,1
小店,1
细长,1
形,1
僧兵,1
经,1
城,1
家臣,1
兄,1
账册,1
机智,1
歌舞伎,1
能剧,1
枯树,1
小径,1
屁股,1
玉,1
创业,1
逆向,1
错位,1
拐法,1
大段,1
锐利地,1
丑话,1
贫血,1
住院,1
诊间,1
恋人,1
事关,1
院长,1
脱离险境,1
床畔,1
膝交,1
微,1
难题,1
病因,1
能克服,1
病情,1
世纪,1
好心人,1
卡车司机,1
新起点,1
依序,1
穷孩子,1
小组讨论,1
意想,1
原站,1
空地,1
仓库,1
公家机关,1
小区,1
围墙,1
警卫室,1
上衣,1
职称,1
课课,1
木板,1
总指挥,1
贵,1
帽子,1
裤袋,1
二课,1
班,1
业务,1
问小,1
建筑用,1
成品,1
外事,1
公事公办,1
合法,1
制造业,1
阖,1
分贝,1
噪音,1
压缩机,1
强力,1
喷气,1
堆木,1
栈板,1
堆高机,1
工作部门,1
运,1
护目镜,1
红色,1
漏气,1
岗位,1
共事,1
主人,1
办厂,1
架子,1
回厂,1
设法,1
往右,1
计时,1
敝姓,1
肺腑,1
作戏,1
竹板,1
右转,1
圈子,1
安全装置,1
盖板,1
机制,1
效用,1
手册,1
真人,1
根本就是,1
程序,1
时应,1
秘技,1
机槽,1
经验,1
裤脚,1
外伤,1
续约,1
跑步,1
劈头,1
木框,1
风情,1
岔口,1
靠窗,1
位子,1
正对面,1
住目,1
顺路,1
苦味,1
细胞,1
总算,1
牛奶,1
汤匙,1
杯口,1
企业界,1
心怀,1
总负责人,1
未果,1
小辫子,1
合情合理,1
无趣,1
动用,1
祭单,1
僧侣,1
诵经声,1
排队,1
行情,1
专业,1
形容,1
顺利进行,1
人武,1
工程,1
事宜,1
班导,1
队伍,1
小平头,1
房,1
酒水,1
眉气,1
老头子,1
气愤,1
意志,1
靠山,1
同梯,1
大厅,1
级任导师,1
下文,1
发生冲突,1
宴室,1
寿司,1
喝啤酒,1
果汁,1
费心,1
感念,1
螺旋状,1
线香,1
青烟,1
场合,1
优点,1
漂亮话,1
干部,1
交情,1
亲属,1
灵,1
众人,1
住所,1
正史,1
漩涡,1
成形,1
暴力,1
集团,1
危险物品,1
院童,1
随身带,1
途径,1
问世,1
实体店,1
购买者,1
萝卜,1
泥,1
劳工保险,1
罪,1
科处,1
罚金,1
鼻梁,1
右弯,1
展览馆,1
特色,1
清酒,1
桌位,1
人点,1
外场,1
客,1
席间,1
杯酒,1
举杯,1
筷夹块,1
花枝,1
死脑筋,1
悬案,1
炸,1
莲藕,1
口感,1
味道,1
草率行事,1
鞭,1
双人,1
荞麦,1
冷面,1
很糟,1
红字,1
红心,1
单手,1
闹钟,1
课业,1
围裙,1
经变,1
消耗品,1
流点,1
医疗,1
漏洞,1
全压,1
面色,1
地说,1
现状,1
假,1
法令,1
资方,1
医药费,1
职场,1
权力,1
架势,1
电源,1
生活节奏,1
步调,1
过日子,1
心态,1
真差,1
额头,1
名誉,1
股市,1
动态,1
手脚,1
动筷,1
定食,1
肚子,1
总带,1
温温,1
频频点头,1
石,1
写笠,1
邪念,1
本社,1
旧式,1
规格,1
全,1
风俗,1
边念,1
桥站,1
信仰,1
交杂,1
小巷,1
单凭,1
方位,1
死巷,1
小头,1
锐面,1
香气,1
抿着,1
泪光,1
日光,1
脏污,1
后制,1
屋况,1
面貌,1
被窝,1
无故,1
肩颈,1
肌肉,1
总,1
突地,1
耳畔,1
坦率,1
用词,1
整段,1
急需,1
面包,1
管闲事,1
经纪人,1
侧腹,1
手肘,1
佛祖,1
尿酸,1
值,1
琐事,1
钻牛角尖,1
户外用品,1
物证,1
恋栈,1
作响,1
预感,1
被告,1
处分,1
死者,1
眼线,1
血肿,1
电梯,1
露骨,1
首度,1
记者会,1
交由,1
坦言,1
事故,1
台面,1
声称,1
口径,1
租屋,1
摄影机,1
腹部,1
评论,1
绝境,1
言论,1
连带,1
冷漠,1
意,1
发飙,1
纸团,1
签字笔,1
隔间,1
杀爸,1
政府,1
单位,1
罚款,1
企业,1
丑闻,1
假面具,1
住手,1
骨灰,1
泪,1
枯枝,1
骨头,1
火葬,1
掌握情况,1
传媒,1
染红,1
救济金,1
包袱,1
半坪,1
骨灰坛,1
木盒,1
相框,1
桌,1
商标,1
饼干,1
矮桌,1
工具,1
光,1
贪念,1
灯管,1
晚归,1
窃盗,1
强盗,1
内衣裤,1
脚趾甲,1
剪,1
脚尖,1
电影票,1
外食,1
电影吧,1
气泡,1
梦,1
团团,1
数份,1
身经百战,1
两件事,1
力太,1
问遍征,1
履历表,1
人会,1
公共电话,1
细眼,1
传,1
时家,1
问征,1
附带,1
上半身,1
问会,1
大桌,1
生鱼片,1
煎蛋卷,1
炸鸡块,1
菜肴,1
嘴形,1
姓岩,1
生病,1
绕笠,1
井,1
地步,1
聊聊吧,1
基层,1
别座,1
索性,1
农业,1
商业,1
事业,1
主神,1
横丁,1
途经,1
小学,1
绿树,1
生地,1
树丛,1
灯笼,1
病,1
成串,1
知青,1
办公处,1
本体,1
很漂亮,1
绿,1
坏事,1
纸符,1
委托,1
断言,1
去笠,1
特征,1
症结所在,1
老板,1
一色,1
产品,1
杰作,1
踏空,1
妇女,1
桥本,1
玻璃,1
纸区,1
展示室,1
史料,1
艺廊,1
纸制品,1
纸太,1
手抄,1
水蓝,1
定价,1
含税,1
同色,1
边缘,1
贵店,1
时纸,1
存量,1
地折,1
参拜者,1
处女,1
干支,1
体,1
生肖,1
脑袋瓜,1
头顶,1
金色,1
两女一男,1
下腹,1
议题,1
观众,1
添个,1
夫妻,1
鞋,1
瓶盖,1
缓颊,1
词,1
性,1
断气,1
造形,1
气力,1
效果,1
指指点点,1
书房,1
个人空间,1
带回家,1
书写,1
文具,1
矮柜,1
收,1
长女,1
地冲,1
子代,1
杂货,1
规模,1
求职者,1
官问,1
家具公司,1
人家,1
开窗,1
男声,1
药,1
剃刀,1
美工刀,1
时令,1
家关,1
商店,1
会带,1
粉红色,1
先折,1
症结,1
面容,1
成人,1
枝叶,1
街灯,1
光线,1
围条,1
围巾,1
食堂,1
胸腔,1
寒意,1
雾,1
错落,1
躯体,1
团像,1
逆光,1
露齿,1
小眼,1
看腻,1
树影,1
梦幻,1
图纹,1
单侧,1
幻影,1
跟我走,1
热饮,1
咖啡因,1
热茶,1
爱酒,1
甘党,1
居酒,1
故乡,1
广告牌,1
地抚,1
夫妇,1
号志灯,1
路牌,1
牌子,1
带我去,1
绿灯,1
小酒馆,1
读书,1
漫画,1
电视转播,1
棒球,1
足球赛,1
球迷,1
关键在于,1
读者群,1
专栏,1
乐意,1
花钱,1
预售票,1
白墙,1
墙,1
私情,1
踪影,1
右手,1
事生,1
字句,1
挫折,1
独力,1
人间,1
疾苦,1
桥栏,1
气派,1
帽,1
护栏,1
桥灯,1
生物,1
啤温,1
标签,1
桥面,1
国道,1
姿态,1
家具用品,1
进店,1
好心,1
高居,1
时日,1
弱点,1
无人,1
木材,1
时带,1
惯用,1
道具,1
交抱,1
椅背,1
器具,1
可行方向,1
小卒,1
联络人,1
空想,1
验尸,1
胃,1
未消化,1
故事,1
辅导室,1
思想,1
郁积,1
贴补家用,1
学历,1
养家,1
大学毕业,1
奖学金,1
男同学,1
潮红,1
黑站,1
走时,1
共犯,1
职,1
小鬼,1
电子信箱,1
龟户,1
桥店,1
总面积,1
闲书,1
毛钱,1
中率,1
前耗,1
屏幕墙,1
角色,1
武器,1
机器,1
来客,1
新女,1
客站,1
行列,1
容貌,1
片子,1
热门,1
楼层,1
几本书,1
事花,1
轻率,1
恳切地,1
官方,1
散散步,1
仔细检查,1
正书,1
书籍,1
科幻电影,1
经典,1
本性,1
高层,1
黑署,1
伤害罪,1
人姓,1
动粗,1
一家子,1
杀人案件,1
生气,1
力,1
能验,1
座垫,1
点菜,1
考虑一下,1
点数,1
香酥,1
肉质,1
弹牙炸虾,1
香味,1
化,1
礼法,1
口餐,1
百感交集,1
骨肉,1
透顶,1
话声,1
步向,1
晚安,1
察觉出,1
校徽,1
箝制,1
核心,1
体育课,1
打篮球,1
排球,1
体育老师,1
球赛,1
歌声,1
奖座,1
展示柜,1
全国,1
浓眉,1
步入,1
冲绳,1
两码子,1
强项,1
等物,1
河童,1
面孔,1
社火,1
火灾,1
记,1
正确方向,1
校际比赛,1
赛场,1
检讨会,1
家长,1
校长,1
抿嘴,1
命,1
学生家长,1
讲法,1
在校生,1
毕业生,1
口吻,1
回校,1
心脏病,1
笔记,1
时节,1
操场,1
体育馆,1
中学生,1
落叶,1
照明设备,1
泳式,1
短泳,1
国民,1
机密,1
观念,1
名册,1
个人资料,1
外流,1
小册子,1
封面,1
社创,1
现任,1
册子,1
刊篇,1
前言,1
赔偿金,1
看吧,1
骗水,1
白费力气,1
板脸,1
番话,1
听闻,1
苦思,1
眼睫,1
讲水,1
遭遇,1
念头,1
西式,1
名牌,1
浅间,1
班次,1
行李架,1
两手空空,1
避暑胜地,1
别墅,1
证实,1
歹念,1
迷雾,1
傻干,1
脖颈,1
冬衣,1
别墅区,1
车,1
车费,1
冷扣,1
主屋,1
基调,1
窗板,1
毛衣,1
拖鞋,1
合掌,1
扇门,1
高空,1
间隔,1
下半身,1
陶器,1
高级品,1
房子,1
沉重负担,1
课识,1
水性,1
阴影,1
姓氏,1
桥水,1
电源开关,1
网友,1
笔电,1
妆点,1
老师上课,1
听份,1
疑团,1
校园内,1
前有场,1
赛绩,1
更衣室,1
门锁,1
书桌,1
物柜,1
柜,1
比赛项目,1
出场,1
成员名单,1
攻击性,1
数学,1
数学公式,1
教导,1
脱离关系,1
门牌,1
洋房,1
发毛,1
节骨眼,1
桩,1
快餐店,1
客层,1
耗神,1
关事,1
熟练地,1
事爸,1
椅深,1
任务在身,1
人心,1
学着点,1
泳姿,1
体力,1
泳速,1
领先,1
游法,1
屁,1
暗地,1
鬼主意,1
郁气,1
泳裤,1
脚拉,1
潜水,1
双脚,1
地游,1
水面,1
太暗,1
笨蛋,1
法照,1
围篱,1
大石,1
饭,1
警察学校,1
三人,1
全照,1
平息,1
社才,1
光阴,1
全名是,1
梦乡,1
节,1
节分,1
春,1
驱鬼,1
寺庙,1
杂记,1
宠物,1
婴儿,1
日常用品,1
风景,1
轮椅,1
睁开,1
内文,1
套,1
格想,1
点滴,1
人世,1
中学毕业,1
会害,1
题外话,1
名词,1
烙印,1
婚礼,1
君能,1
免费信箱,1
结,1
偶然间,1
专门店,1
耗时,1
字里行间,1
橘色,1
回房,1
免费邮箱,1
场所,1
衣橱,1
全收,1
整袋,1
邮箱,1
账号,1
词组,1
冷水浇头,1
神兽,1
雕刻家,1
作品,1
雕像头,1
实物,1
地标,1
涵义,1
篇文章,1
不争,1
光明,1
苦心,1
全世界,1
地活,1
意料,1
精神状态,1
讯问,1
全貌,1
思路,1
个面,1
带你去,1
苦头,1
蛮力,1
区区,1
堂哥,1
肩宽,1
褐,1
敌意,1
老友,1
亏心事,1
当事者,1
好友,1
糟透了,1
全盘托出,1
问事,1
世人,1
漫长,1
志愿,1
气魄,1
墙面,1
野心,1
下脑,1
挚友,1
句点,1
罪行,1
月台,1
眼眸,1
水气,1
手心,1
胸膛,1
剧烈地,1
衣襟,1
教职,1
脏东西,1
背包,1
单和笔,1
家计,1
傻瓜,1
男孩,1
回老家,1
开间,1
法会,1
宝物,1
耳朵,1
灰色,1
雪,1
原原本本,1
鹤,1
下场,1
受害者,1
