事,216
作品,124
小说,117
老师,97
作家,96
照片,87
问,86
人,71
高家,70
笔记,68
关系,67
电话,61
话,59
时间,57
学校,54
地方,47
内容,45
事情,44
书,43
动机,43
时,40
证明,40
警方,38
学生,37
杀人,36
事件,34
证据,34
办法,33
故事,32
名字,32
心想,32
情况,32
猫,31
理由,31
工作室,30
电脑,30
朋友,29
录影带,29
稿子,28
带子,28
老实,27
事实,27
样子,26
感觉,26
犯人,26
孩子,26
刀子,25
声音,24
脸,24
计划,24
案件,24
表情,23
女性,23
妻子,23
火,22
编辑,22
原稿,22
作者,22
房间,21
问道,20
我会,20
人物,20
香槟,20
前野,20
出版社,19
丈夫,19
方法,19
围裙,19
夫人,18
眼睛,18
时代,18
画面,18
联络,18
目的,18
磁片,18
饭店,17
主角,17
国,17
情形,17
印象,17
媒体,17
影子,17
烟火,17
原因,16
钱,16
报纸,16
扉,16
校园,16
爷爷,16
庭院,15
成,15
母亲,15
读者,15
机会,15
头,15
杂志,15
警部,15
萤火虫,15
女人,14
院子,14
商量,14
尸体,14
小时,14
资料,14
结论,14
大学,14
原本,13
女子,13
社,13
特地,13
见面,13
大门,13
冰,13
上司,13
意义,13
暴力,13
自白书,13
房子,12
动作,12
餐馆,12
指,12
心情,12
娘家,12
语气,12
答案,12
总算,12
医生,12
窗户,12
纪录,12
屋子,11
灯,11
话题,11
方式,11
稿纸,11
秘密,11
纸镇,11
消息,11
小孩,11
假装,11
代表,11
男人,11
名义,11
申请表,11
项链,11
相簿,11
作弊,11
记录,10
梦想,10
形式,10
刀,10
咖啡,10
整理,10
行李,10
身体,10
太太,10
门,10
男子,10
全暗,10
小组,10
态度,10
个性,10
凶器,10
报导,10
画家,10
细节,10
目光,10
案发,10
案情,10
医院,10
外子,10
文学,10
暴力事件,10
家伙,10
手,9
感情,9
香烟,9
回家,9
脑海,9
小心,9
教职,9
报告,9
未免太,9
父母,9
文字,9
礼物,9
圆火,9
上学,9
人生,8
书桌,8
文章,8
干嘛,8
习惯,8
对象,8
门锁,8
念头,8
公寓,8
萤幕,8
现场,8
男,8
社会,8
这番话,8
日子,8
电视台,8
记者,8
小学,8
店,8
犯案,8
柜台,8
证实,8
指纹,8
证词,8
线索,8
预感,8
抽屉,8
病房,8
村,8
相片,8
被害者,8
女生,8
门铃,7
樱花,7
地点,7
道理,7
夫妇,7
状况,7
对讲机,7
原型,7
钥匙,7
教师,7
毕业,7
教书,7
办案,7
脖子,7
书本,7
可能性,7
处理机,7
摄影机,7
立场,7
世人,7
感兴趣,7
专业,7
供词,7
陷阱,7
烟蒂,7
共犯,7
书籍,7
单行本,7
成绩,7
住处,6
距离,6
身分,6
方向,6
脸色,6
车子,6
咖啡杯,6
丸子,6
瓶,6
痕迹,6
客气,6
全身,6
记忆,6
科,6
儿童,6
发现者,6
电话线,6
牛奶,6
条件,6
葬礼,6
厕所,6
利用,6
假,6
情节,6
信,6
动手术,6
草稿,6
时期,6
光,6
交通事故,6
遗物,6
富士,6
证物,6
职员,6
野,6
光碟,6
电车,5
停车场,5
伤脑筋,5
公司,5
月刊,5
儿子,5
农药,5
烟灰缸,5
走廊,5
客厅,5
父亲,5
视线,5
气氛,5
待会儿,5
人员,5
咖啡厅,5
店里,5
迫田,5
口气,5
警车,5
开口,5
脑袋,5
剑,5
近况,5
体会,5
经历,5
意,5
神情,5
烟,5
笔记本,5
笑容,5
手法,5
事发,5
前提,5
衣服,5
上衣,5
参考价值,5
直觉,5
错觉,5
差异,5
手术,5
校长,5
大纲,5
剧情,5
案子,5
精神,5
形象,5
冲绳,5
寄放在,5
书签,5
前妻,5
外遇,5
心,5
书写,5
业余,5
住家,4
主意,4
建筑,4
声,4
书架,4
题目,4
生气,4
风景,4
话筒,4
消失,4
厨房,4
客人,4
时钟,4
版画家,4
名誉,4
神色,4
思索,4
眼神,4
手表,4
中学,4
景况,4
书名,4
侦讯,4
速度,4
眉头,4
作梦,4
节目,4
电视,4
萤幕上,4
镜头,4
程度,4
都行,4
女侍,4
右手,4
口袋,4
经验,4
哥,4
嘴角,4
读书,4
同事,4
私人,4
咖啡店,4
交代,4
情绪,4
对话,4
地步,4
癌症,4
病,4
生病,4
人会,4
表现手法,4
质问,4
脑,4
姓名,4
总部,4
意图,4
金钱,4
部,4
实力,4
艺术家,4
面,4
放学,4
心理,4
资格,4
录影机,4
过程,4
司机,4
夫妻,4
兴趣,4
刀柄,4
监识,4
地想,4
缘故,4
心意,4
书店,4
亲戚,4
舅舅,4
导师,4
胶带,4
坏蛋,4
路,3
豪宅,3
围墙,3
夫妻俩,3
方形,3
主人,3
白色,3
年龄,3
皇冠,3
总会,3
屋子里,3
情景,3
外地,3
味道,3
毒,3
罪行,3
烟雾,3
缺点,3
责任,3
脚步声,3
下唇,3
套装,3
少女,3
书桌上,3
茶杯,3
餐桌上,3
表面,3
光采,3
现实,3
家人,3
松口气,3
皮包,3
公事,3
标题,3
电话簿,3
纸箱,3
女士,3
讯问,3
警员,3
教鞭,3
任教,3
教,3
勇气,3
老婆,3
记事本,3
体验,3
手记,3
新闻,3
角度,3
友人,3
灯光,3
关心,3
热,3
脸孔,3
主持人,3
心思,3
妈妈,3
字,3
功夫,3
图书,3
无趣,3
胃,3
行人,3
采取行动,3
信件,3
指向,3
紧握着,3
人群,3
共识,3
低下头,3
场面,3
纸,3
部份,3
内袋,3
耳朵,3
事物,3
行凶,3
全,3
坦白,3
武器,3
杀机,3
恩怨,3
购物,3
潜意识,3
情感,3
主管,3
论调,3
职业,3
语调,3
心脏,3
嫌犯,3
内心,3
检察官,3
背脊,3
人才,3
技巧,3
住址,3
阴险,3
命案,3
磁碟片,3
八本,3
短篇小说,3
不合理,3
主治医生,3
监狱,3
小事,3
地望,3
小说作品,3
文笔,3
结案,3
迹象,3
会面,3
著作,3
模特儿,3
人格,3
广告公司,3
道路,3
意见,3
格子,3
所国,3
次数,3
问问,3
故友,3
物品,3
体贴,3
卡车司机,3
恋情,3
瓶颈,3
记,3
眼泪,3
材料,3
箱子,3
小刀,3
挖空,3
法庭,3
评价,3
运气,3
魅力,3
考量,3
真实感,3
虚构,3
心态,3
双手,3
头顶,3
动手,3
噩梦,3
记忆里,3
过分,3
讲话,3
交易,3
幻想,3
坏事,3
时机,3
拷贝,3
伙伴,3
技俩,3
藤原,3
受害者,3
利益,3
屈服,3
盐酸,3
日文,3
风气,3
班长,3
小时候,3
喽罗,3
性格,3
教室,3
女孩,3
环境,3
路程,2
车站,2
买房子,2
二楼,2
西式,2
砖造,2
地,2
牛仔裤,2
帽子,2
风,2
草皮,2
朋友家,2
个头,2
姿势,2
开花,2
椅子,2
眉毛,2
窗子,2
纱窗,2
养猫,2
兽医,2
书页,2
短文,2
粪,2
植物,2
效果,2
行径,2
笑脸,2
瓶子,2
租房子,2
意愿,2
捻熄,2
魔鬼,2
妹妹,2
时会,2
身材,2
街角,2
日式,2
店名,2
泡茶,2
无线,2
电话机,2
座位,2
妓女,2
畅销书,2
排行榜,2
茶,2
气,2
单身,2
旧识,2
总编,2
叉子,2
电灯,2
按钮,2
无人,2
公园,2
电话亭,2
老板,2
顺势,2
电源,2
亮光,2
空白,2
警局,2
大方,2
光线,2
脚步,2
脸部,2
更让人,2
两本书,2
人世,2
亲人,2
风波,2
私生活,2
菜,2
出场,2
页数,2
后脑,2
低声,2
悲剧,2
早餐,2
一事,2
性,2
听闻,2
台词,2
背景,2
艺人,2
力气,2
攻势,2
夫家,2
新作,2
饭,2
肉,2
套餐,2
桌子,2
作业,2
世界,2
餐点,2
烟枪,2
趋虫,2
轮流,2
窃盗,2
食指,2
警官,2
晚餐,2
天性,2
游戏,2
传真机,2
事会,2
寺庙,2
摄影,2
致词,2
会场,2
空,2
争议,2
死者,2
中学生,2
小说吧,2
字条,2
餐厅,2
位子,2
封面,2
目击者,2
省事,2
右拳,2
原位,2
晚一点,2
窗帘,2
假象,2
眼,2
匪徒,2
交叉,2
夫,2
家事,2
客观,2
洋灯,2
食物,2
菜鸟,2
障碍,2
疑点,2
物证,2
案例,2
动笔,2
本性,2
事想,2
票,2
误导,2
寒意,2
顺利进行,2
手指,2
手机,2
布下,2
纸张,2
功能,2
道具,2
照理说,2
布局,2
导火线,2
口水,2
瑕疵,2
号码,2
嫌疑犯,2
工具,2
大胆,2
文体,2
证人,2
硬碟,2
演戏,2
用餐,2
计谋,2
好友,2
附带,2
储存,2
现象,2
纠葛,2
毒药,2
病况,2
微,2
责任编辑,2
范本,2
路途,2
照单全收,2
全盘,2
凶手,2
情人,2
恶魔,2
天使,2
能力,2
男性,2
心机,2
人气,2
鞭,2
重点,2
佳作,2
亡故,2
很精采,2
建议,2
词汇,2
男女,2
时所,2
旅行社,2
初子,2
纪念品,2
病床,2
太,2
深表,2
记太,2
人品,2
题,2
关键性,2
顺序,2
眼光,2
田,2
守灵,2
电影,2
影片,2
会带,2
评论,2
化名,2
卡车,2
斑马线,2
事故,2
核心,2
玩伴,2
册子,2
价值,2
文库,2
凝视着,2
王牌,2
时说,2
衣柜,2
花呢,2
领带,2
餐具,2
外袋,2
血迹,2
决定性,2
真实性,2
小报,2
老家,2
机缘,2
夹克,2
业者,2
目标,2
神社,2
整体,2
商品,2
时光,2
意识,2
好事,2
友情,2
女主角,2
门孔,2
骗人,2
死心,2
牵绊,2
不争,2
心爱,2
强盗,2
黑色,2
蒙面,2
安眠药,2
眼眶,2
人类,2
文学史,2
报章杂志,2
字典,2
鬼话,2
新书,2
光芒,2
行尸走肉,2
信封袋,2
钞票,2
权利,2
书架上,2
效用,2
成人,2
初稿,2
身体状况,2
原创,2
日记,2
亲夫,2
重头,2
结尾,2
圈套,2
心理战,2
刑事案件,2
文坛,2
市面,2
兄弟,2
父母亲,2
律师,2
问事,2
冰箱,2
酒,2
物主,2
事务所,2
同学,2
同侪,2
实况,2
字里行间,2
人物形象,2
理,2
层面,2
佐证,2
体育馆,2
角落,2
淋下,2
众人,2
主谋,2
转校,2
家长,2
基础,2
俗人,2
记性,2
同班,2
恶毒,2
行列,2
水准,2
力量,2
首领,2
成员,2
骨气,2
棉被,2
命令,2
坏话,2
同伴,2
场景,2
加害者,2
母校,2
案发后,2
委托,2
姊事,2
姊,2
钱包,2
学期,2
卷子,2
数学,2
警告,2
班,2
道场,2
毕业典礼,2
错误,2
稿件,2
做案,2
被告,2
设想,2
无法解释,2
界,2
住宅区,1
住宅,1
气派,1
杂树林,1
砾树,1
树荫,1
巷道,1
规划,1
单行道,1
地位,1
表徽,1
时想果,1
地区,1
主,1
屋,1
屋顶,1
风边,1
窗,1
拱型,1
窗际,1
花坛,1
红砖,1
车,1
家庭,1
仗,1
小路,1
小径,1
树枝,1
花瓣,1
陌生,1
毛衣,1
腰杆,1
鼻子嘴巴,1
地面,1
很漂亮,1
引擎,1
深蓝色,1
轿车,1
买点,1
车日,1
地狱,1
器具,1
塌塌米,1
交差,1
天气,1
纬度,1
冷气,1
神态,1
女长,1
木刻,1
乡土,1
玩偶,1
比喻,1
外表,1
读国,1
凉风,1
树叶,1
篇幅,1
引擎盖,1
脚印,1
棕色,1
花猫,1
斑点,1
指名道姓,1
干事,1
家猫,1
罐头,1
面色,1
猫害,1
时想,1
成就,1
拖稿,1
推销员,1
天空,1
阴霾,1
真糟糕,1
风声,1
头发,1
大学生,1
企业,1
礼貌,1
陪伴,1
双掌,1
散发出,1
气息,1
住所,1
楼,1
单位,1
寝室,1
空间,1
饭厅,1
美眷,1
优点,1
糕饼店,1
甜食,1
顺路,1
总教,1
差点,1
听筒,1
岛,1
手势,1
头文字,1
读所,1
渊源,1
版,1
赔偿金,1
对面,1
年轻人,1
机灵,1
地问,1
杂事,1
旧家,1
贵人,1
我料,1
零钱,1
电话拨号,1
码,1
总,1
专卖店,1
职棒,1
店门,1
计程车,1
室内空气,1
锁门,1
日光灯,1
中央,1
高脚,1
嘴,1
膝盖,1
地板,1
桌椅,1
将头,1
指挥官,1
手帕,1
眼角,1
肌肉,1
离谱,1
部下,1
原想,1
旁站,1
五官,1
阴影,1
轮廓,1
立体,1
地朝,1
行礼,1
官,1
职称,1
一程,1
车门,1
热情,1
专才,1
领导,1
旁观者,1
潮流,1
太懒,1
口头禅,1
纯文学,1
小品,1
婚姻,1
前任,1
车祸,1
方向盘,1
美子,1
哲司,1
领悟,1
冰之扉,1
排字,1
保密,1
死法,1
坦白说,1
绳子,1
外伤,1
量,1
手把,1
早报,1
新闻节目,1
版面,1
大头照,1
杂志社,1
一楼,1
阖上,1
风闻,1
自宅,1
女,1
神经,1
教人,1
电视记者,1
至极,1
微波炉,1
全国,1
民众,1
男死,1
后生,1
晚辈,1
泡汤,1
鸟笼,1
泡面,1
地长,1
领悟到,1
举例,1
传媒,1
流俗,1
人间,1
百态,1
男主角,1
家属,1
来宾,1
类节目,1
电视机,1
公共频道,1
特别节目,1
连络,1
案发现场,1
过头,1
遗孀,1
兄嫂,1
货运行,1
经济,1
铃声,1
午饭,1
猪排,1
大拇指,1
后头,1
续杯,1
帮腔,1
虾,1
烤羊,1
负责人,1
习性,1
晚八点,1
份量,1
机械,1
身子,1
遗体,1
叉,1
饭会,1
盘子,1
用力,1
儿童读物,1
教育部,1
政府,1
加点,1
戒烟,1
前戒,1
吸烟区,1
条斯,1
正门口,1
亮站,1
空门,1
长裤,1
牙齿,1
嘴唇,1
眼色,1
帐单,1
报,1
公帐,1
服务生,1
文稿,1
玩线,1
共用,1
烧柱,1
香,1
排队,1
采访记者,1
蛇,1
清泪,1
对准,1
布棚,1
身影,1
拍成电影,1
仪式,1
丧家,1
全黑,1
念珠,1
思念,1
啜泣声,1
棺木,1
敝姓,1
学校同学,1
淡绿色,1
货车,1
情侣,1
公开场合,1
信念,1
艺术,1
睁大眼睛,1
鼻子,1
露骨,1
有权,1
感人,1
罪恶,1
人心,1
等候,1
信箱,1
电话号码,1
靠窗,1
书套,1
汤匙,1
薄膜,1
解决问题,1
气愤,1
拇指,1
心理作用,1
犯罪心理,1
关机,1
插头,1
坦,1
步伐,1
变故,1
人窝,1
门扉,1
关门,1
未婚夫,1
婚礼,1
植田,1
菊雄,1
典礼,1
事宜,1
植,1
未婚妻,1
两地,1
交通状况,1
破绽,1
前辈,1
利器,1
漏洞,1
被害人,1
法医,1
时刻,1
效率,1
蠢事,1
居心,1
大器,1
做人,1
真凶,1
面目,1
典型,1
同感,1
信心,1
现况,1
凡事,1
差错,1
阵脚,1
公事公办,1
特质,1
错教,1
家家,1
田地,1
领,1
抿嘴,1
作戏,1
处境,1
服气,1
误差,1
故作,1
时间误差,1
黑烟,1
胸膛,1
烟事,1
前段时间,1
存货,1
省点,1
气势,1
高手,1
压力,1
饥渴,1
字面,1
术语,1
铃响,1
电信局,1
府上,1
局,1
电子邮件,1
电话费,1
省,1
太事,1
收件人,1
文件,1
份文件,1
全关,1
必要措施,1
灯亮,1
电脑主机,1
喉咙,1
神能,1
短时间,1
内想,1
键,1
时差,1
四目,1
双唇,1
天花板,1
两颊,1
动弹,1
沙哑,1
早有计划,1
冥想,1
上策,1
肩膀,1
犯错误,1
区间,1
天问,1
憾事,1
例子,1
说词,1
提份,1
预先计划,1
干员,1
档案,1
规格,1
大本,1
装订成册,1
笔迹,1
预料中,1
篇章,1
故事情节,1
语文,1
体,1
成果,1
名称,1
隶属于,1
断言,1
杀人案件,1
室,1
资深,1
肚子,1
床上,1
癌细胞,1
内脏,1
腹膜,1
结果显示,1
动刀,1
胃袋,1
长假,1
内情,1
适才,1
理智,1
偏头,1
单人,1
套房,1
容貌,1
翘辫子,1
鬼,1
习,1
风格,1
卧床,1
写作者,1
报告书,1
代笔,1
新人,1
处女作,1
副业,1
饭碗,1
节骨眼,1
头衔,1
听取报告,1
犯罪事实,1
花,1
开庭,1
法官,1
语病,1
银行,1
账户,1
汇钱,1
创意作品,1
踏板,1
怒意,1
结识,1
豹,1
特征,1
灰色,1
金粉,1
男位,1
原,1
双重人格,1
患者,1
医师,1
卧室,1
形体,1
谜,1
高竿,1
性欲,1
潜藏在,1
断句,1
哲学系,1
大学毕业,1
生涯,1
文学创作,1
私立高中,1
教育学,1
半年刊,1
好运,1
村位,1
中年人,1
名声,1
语,1
分水岭,1
层皮,1
毛病,1
理念,1
立志,1
人物性格,1
作何,1
语汇,1
难题,1
因素,1
条,1
花纹,1
橱柜,1
家务,1
金项链,1
礼盒,1
包装纸,1
世界闻名,1
品牌,1
表格,1
参加者,1
栏位,1
亲戚家,1
恋人,1
问件,1
常态,1
法律制裁,1
机率,1
作法,1
会客,1
口风,1
提供情报,1
家庭主妇,1
情,1
交游,1
领域,1
不太想,1
下课时间,1
校舍,1
足球队,1
光景,1
校门,1
面孔,1
英语老师,1
太巧,1
正题,1
资讯,1
亲,1
女朋友,1
电子,1
记事簿,1
事项,1
曲解,1
人性,1
书墙,1
分工合作,1
便条纸,1
藏藏,1
指令,1
纸角,1
偶像,1
夹书,1
广辞,1
夹,1
衬衫,1
长裙,1
交通,1
未亡人,1
子口,1
动态,1
全是,1
时能,1
性地,1
名作家,1
培养感情,1
毫无瓜葛,1
待遇,1
把柄,1
落日,1
奸情,1
作何解释,1
档案资料,1
便利商店,1
事故现场,1
马路,1
肇因,1
撞死人,1
遗书,1
命运,1
玩玩,1
座落,1
院落,1
双亲,1
气质高雅,1
妇人,1
性情,1
丈母娘,1
真话,1
台面,1
脑筋,1
事人,1
湿润,1
泪水,1
控制情绪,1
宵夜,1
吐司,1
夫妻感情,1
心事,1
问候,1
写日记,1
硬皮,1
盒子,1
标,1
饰品,1
书信,1
信纸,1
明信片,1
录音带,1
处,1
手提,1
强势,1
型态,1
聚餐,1
流,1
失态,1
惯例,1
病人,1
病情,1
活,1
寿命,1
上半身,1
开本,1
廉价,1
德性,1
理会,1
赏花,1
参观,1
祭典,1
拍照片,1
咽口,1
阶梯,1
警,1
睁开眼,1
暧昧关系,1
因应,1
对策,1
估量,1
行程,1
提出申请,1
专用,1
银座,1
记下,1
大作文章,1
火速,1
录影,1
卡带,1
外盒,1
编号,1
便当盒,1
箱盖,1
袋子,1
塑胶,1
制刀,1
英寸,1
传统工艺,1
注西,1
阵织,1
贵族,1
织物,1
手工,1
特色,1
手工艺,1
织工,1
传统,1
作息,1
侦查人员,1
界定,1
刀刃,1
书皮,1
工作进度,1
精准,1
实情,1
招数,1
局面,1
压根儿,1
事关,1
长脑,1
原委,1
主轴,1
终生,1
职志,1
趣味,1
挚友,1
题材,1
讲故事,1
投身于,1
写信给,1
妈,1
薪水,1
奖金,1
新宿,1
西装,1
奖项,1
低潮,1
大费周章,1
胃口,1
阶段,1
静候,1
很糟,1
棘手,1
手头,1
戒心,1
一番话,1
压根,1
买家,1
时存,1
积蓄,1
贡献,1
姿,1
交会,1
脸庞,1
失神,1
主题,1
格局,1
太小,1
起承转合,1
心理准备,1
天生,1
方针,1
乐意,1
词语,1
用法,1
前耗,1
供,1
神经质,1
难产,1
现役,1
外界,1
私心,1
心目,1
理想,1
精心,1
屏息,1
女郎,1
美女,1
蛋糕,1
嫌恶,1
冷风,1
拂面,1
过目,1
年长,1
市面上,1
新意,1
好歹,1
睡眠不足,1
被窝,1
卧病在床,1
蔬菜汤,1
体质,1
异议,1
悲伤地,1
品味,1
耐性,1
会藏,1
观察敏锐,1
察觉出,1
幽会,1
谣言,1
进晚餐,1
新婚夫妇,1
指针,1
订金,1
神话,1
一场空,1
旅,1
企划,1
活生生,1
地被,1
协议书,1
财产,1
动物,1
冒险,1
裤子,1
一隅,1
面朝,1
呼吸声,1
交,1
动手脚,1
被验,1
睡魔,1
民宅,1
性命,1
手套,1
睁开眼睛,1
神,1
细胞,1
脸色铁青,1
男想,1
废话,1
条例,1
不法,1
问罪,1
派出所,1
发毛,1
松手,1
悲容,1
归途,1
罪嫌,1
根究,1
话语,1
怪我太,1
公信力,1
过日子,1
猛烈地,1
我心,1
睡衣,1
艺术照,1
柜子,1
政治,1
口吻,1
作曲家,1
常会,1
曲子,1
真,1
陌生人,1
情份,1
理性,1
嘴巴,1
要素,1
血液,1
故计重施,1
字眼,1
定义,1
误会,1
睁一只眼,1
前瞻性,1
前瞻,1
销售量,1
空虚,1
出版界,1
基本常识,1
商标,1
名词,1
稿费,1
放影机,1
黑衣,1
面向,1
电话铃,1
美事,1
母带,1
无力,1
课,1
怨言,1
困境,1
思量,1
户籍,1
一思,1
心扉,1
屁股,1
日币,1
卖书,1
报酬,1
妇女,1
动静,1
无情,1
余地,1
定位,1
架构,1
所料,1
结构,1
成品,1
璞玉,1
咬着唇,1
双目,1
衣领,1
地向,1
责罚,1
任由,1
结合体,1
情网,1
谋策,1
后果,1
童书,1
抢饭碗,1
婚事,1
通讯设备,1
新居,1
装蒜,1
让你在,1
需要的话,1
道别,1
建设性,1
魔掌,1
字面上,1
挖掘出,1
推断力,1
情夫,1
福气,1
制裁,1
校门口,1
田径,1
队员,1
铁耙,1
沙地,1
总务处,1
女职员,1
教务处,1
会客室,1
身材矮小,1
教授,1
列席,1
错话,1
一连串,1
教职工,1
杂务,1
私底下,1
文具店,1
购物中心,1
时装店,1
演艺圈,1
八卦,1
绯闻,1
周刊,1
影视,1
会试,1
多着呢,1
全说,1
版税,1
信外子,1
书迷,1
爱好者,1
子书,1
库存,1
法律,1
甘心,1
歉意,1
战胜,1
孩童,1
耳目,1
纸袋,1
先冰,1
修士,1
因缘际会,1
品名,1
酒贵,1
带回家,1
烙印,1
池袋,1
规模,1
玻璃,1
铁制,1
办公桌,1
情报,1
套句,1
用语,1
淫威,1
男同学,1
人名,1
整本,1
遭遇,1
观点,1
连续剧,1
演员,1
气质,1
形象气质,1
主观,1
笔录,1
脑子里,1
超现实,1
历练,1
休止符,1
投案,1
损失,1
出面,1
常理,1
物质,1
地带,1
错路,1
原点,1
被誉为,1
参考书,1
回程,1
头号,1
魔头,1
透明胶,1
天贴,1
共同点,1
负面,1
能量,1
真假,1
教会学校,1
人用,1
胶卷,1
女方,1
动用,1
版画,1
条路,1
化身,1
地站,1
亲情,1
共谋,1
理发店,1
人命,1
读法,1
读,1
绰号,1
发音,1
呆瓜,1
漫画,1
作文,1
抒情文,1
手段,1
工具箱,1
之能事,1
问教,1
弱者,1
狗,1
书包,1
人为,1
个子,1
交由,1
流氓,1
通讯录,1
记旧,1
地址,1
增冈,1
男女生,1
主席,1
班会,1
词,1
女孩子,1
男生,1
走教,1
据理力争,1
代,1
面包,1
薪水阶级,1
夫妇俩,1
铺张,1
办学,1
管道,1
女儿,1
爸妈,1
寝具,1
仓库,1
座垫,1
形容,1
面包店,1
大人,1
青蛙,1
指点,1
立足点,1
鞋子,1
头目,1
补习班,1
玩乐,1
玩吧,1
指日,1
下文,1
正义感,1
桥,1
无缘,1
差事,1
步入,1
条理分明,1
图书馆,1
名会,1
读事,1
层层,1
亲自动手,1
谋划,1
个儿,1
块头,1
课外活动,1
路线,1
隐,1
强奸,1
旁观,1
负责制,1
照相机,1
黑道,1
小子,1
锁定目标,1
坊间,1
行业,1
素质,1
故交,1
居住地,1
乡镇,1
动气,1
怪人,1
生长,1
套交情,1
成家,1
转学,1
红杏出墙,1
外行人,1
姊姊,1
情仇,1
坏人,1
公平,1
名列,1
名单,1
民法,1
姊夫,1
观感,1
问太,1
云烟,1
失业,1
办理,1
驴,1
龟,1
钱袋子,1
一股劲儿,1
聚会,1
详细情况,1
凶杀案,1
案事,1
要点,1
礼金,1
垃圾桶,1
苗,1
腰,1
腿,1
头脑,1
供需,1
大会,1
爸爸,1
事业,1
问白,1
稀奇事,1
真让人,1
纪念册,1
班级,1
看吧,1
全数,1
碎片,1
图形,1
原貌,1
省略,1
加害人,1
教育者,1
毕业班,1
期末考试,1
情事,1
一题,1
课堂,1
人数,1
忠告,1
科目,1
地理,1
笨蛋,1
数学科,1
数学老师,1
学生会,1
证明题,1
卷上,1
概念,1
记号,1
英文字母,1
政策,1
情才,1
行,1
浑身,1
泥,1
地肿,1
眼罩,1
脸颊,1
淤肿,1
整人,1
升学,1
山,1
日圆,1
更糟,1
例行公事,1
额角,1
汗水,1
胆量,1
个别指导,1
飞刀,1
力,1
双刀,1
榻榻米,1
秘诀,1
盲肠炎,1
住院,1
平息,1
消极,1
孬种,1
懦夫,1
出院,1
奏效,1
全班学生,1
前途,1
少年队,1
冷水,1
伤害罪,1
案发地点,1
游乐场,1
变形,1
野地,1
电子游戏机,1
下腹,1
报警,1
败笔,1
成功率高,1
看腻,1
自导自演,1
花木,1
自豪,1
景观,1
细部,1
伞架,1
门窗,1
疑心,1
信服,1
两码子,1
罪名,1
起因,1
片面,1
具备条件,1
符合条件,1
语法,1
工程,1
时则,1
弱点,1
影带,1
体力,1
差距,1
钝器,1
惯用,1
派上用场,1
酒瓶,1
所有物,1
同僚,1
机关,1
现实生活,1
音乐,1
软体,1
市,1
性质,1
电脑设备,1
数码相机,1
脉络可循,1
当事人,1
不难想像,1
案,1
局外人,1
心痛,1
牺牲生命,1
谎话,1
顶点,1
官司,1
谎言,1
仇视,1
让你能,1
差太,1
观念,1
意味,1
阳台,1
盆栽,1
成分,1
化验,1
篇名,1
艺文,1
建构,1
桥段,1
毒害,1
偶遇,1
把戏,1
时脑,1
同情,1
问世,1
正牌,1
美誉,1
手抄,1
寒,1
费上,1
构筑,1
小部份,1
亲身经验,1
经典台词,1
仇恨,1
任何理由,1
自卑感,1
泥淖,1
汗毛,1
保持联系,1
镇,1
言行,1
住人,1
历史,1
声明,1
商业用途,1
