意外,33
全,28
惊讶,28
正好,19
高,19
有趣,18
早,18
大,16
沉默,14
简单,14
平常,12
不错,12
不好意思,11
好,11
年轻,10
凶嫌,10
遗憾,10
长,9
久,9
聪明,9
正哉,9
成功,9
辛苦,9
犹豫,8
冷静,8
难,8
强暴,8
轻松,7
很大,7
正当,7
强,6
新,6
极限,6
固定,6
快乐,6
愉快,6
紧张,6
幸福,5
旧,5
差,5
坏,5
舒服,4
困惑,4
不安,4
短,4
悲惨,4
深,4
硬,4
低,4
完美,4
自由,4
不祥,4
平静,4
惊人,4
烦恼,4
古怪,4
好奇,4
不良,4
恐怖,4
幸运,4
亲切,4
不爽,4
平凡,3
漂亮,3
娇小,3
气馁,3
郑重,3
锐利,3
尴尬,3
冷酷,3
不悦,3
焦急,3
诚意,3
乐趣,3
假,3
老,3
充满,3
成熟,3
偏,3
频繁,3
心急,3
残忍,3
骄傲,3
不通,3
狭窄,2
先进,2
冷,2
强悍,2
阴沉,2
小,2
沉稳,2
和缓,2
疲倦,2
热诚,2
生硬,2
良久,2
急促,2
亲密,2
不耐烦,2
深感,2
灵感,2
慢,2
悲伤,2
累,2
晦涩,2
谨慎,2
激动,2
熟,2
干涩,2
紧,2
充当,2
烦死,2
艰辛,2
丑恶,2
粗糙,2
苦恼,2
严肃,2
发狂,2
苦苦,2
不愧,2
强忍,2
寂寞,2
诡异,2
敏锐,2
厉害,2
严峻,2
红,2
残酷,2
温柔,2
激烈,2
连累,2
便宜,2
痛快,2
愧疚,2
愚蠢,2
不耐,2
巧妙,2
伤害,2
曲折,2
严谨,2
笨,2
乐观,2
伤痛,2
真伪,2
茂盛,1
浓密,1
宽敞,1
简便,1
很小,1
凉爽,1
贴切,1
残余,1
惬意,1
闷闷,1
纤细,1
沉重,1
调适,1
有聊,1
精悍,1
干劲,1
合适,1
诧异,1
少,1
惊觉,1
紧守,1
足,1
怕死,1
粗,1
犀利,1
悲痛,1
连要,1
尖锐,1
糟糕,1
年迈,1
难吃,1
混乱,1
高大,1
尊重,1
热,1
不适,1
善后,1
完整,1
自乱,1
落差,1
俏皮,1
凶,1
蛮亮,1
惶恐,1
短暂,1
僵硬,1
轻,1
微妙,1
奇妙,1
逍遥,1
削瘦,1
太慢,1
荒谬,1
独特,1
简洁,1
潦草,1
苦,1
深错,1
忠实,1
苦闷,1
谦逊,1
丑,1
爽快,1
神秘,1
心慌,1
敏感,1
寻常,1
倒霉,1
不贞,1
悲观,1
雅致,1
毛躁,1
常见,1
豪华,1
薄,1
相本,1
落寞,1
很瘦,1
紊乱,1
妥当,1
穷,1
精致,1
古,1
诡奇,1
充裕,1
腻烦,1
阴郁,1
著名,1
惹恼,1
冷淡,1
执著,1
疏远,1
妖艳,1
娇笑,1
清新,1
灿烂,1
缠绵,1
轻薄,1
怪异,1
连理,1
有心,1
幽怨,1
轻易,1
自私,1
疯狂,1
均匀,1
愕然,1
敏捷,1
恭喜,1
不好玩,1
优秀,1
蠢,1
镇静,1
容,1
糊涂,1
慌,1
奸诈,1
可耻,1
可悲,1
紧密,1
痛切,1
详尽,1
悲哀,1
痛恶,1
缜密,1
正感,1
忧郁,1
细微,1
繁杂,1
无聊,1
慎重,1
生嫩,1
着重,1
细腻,1
虚妄,1
无稽,1
丑陋,1
软弱,1
有限,1
迟钝,1
呆傻,1
近似,1
便当,1
乐,1
嚣张,1
恶劣,1
杰出,1
着急,1
远,1
安稳,1
轻狂,1
怪,1
艰深,1
倔,1
很烦,1
不乱,1
幸好,1
良心,1
不幸,1
更惨,1
卑屈,1
落单,1
沮丧,1
正要,1
昏暗,1
齐,1
不利,1
宽松,1
痛,1
肮脏,1
深远,1
可憎,1
清,1
坎坷,1
