事,325
感觉,280
人,266
情况,223
玻璃,206
电话,146
地方,135
旅馆,126
男子,117
房间,110
问道,102
问,101
事情,99
手机,92
客人,90
案件,89
三宅,87
表情,85
时,82
时间,81
店里,75
姑父,74
绿岩,73
照片,73
话,68
声音,63
尸体,63
被害者,63
仙波,62
伸子,62
开口,58
警视厅,58
事故,56
目光,55
警方,54
太太,54
野垣,54
眼睛,53
原因,53
烟火,52
医院,52
父亲,51
头,50
办法,50
室,48
女儿,48
店,47
岩石,47
报告,47
脸,46
车站,44
名字,44
朋友,44
公司,43
案子,43
关系,42
县警,42
火箭,42
人员,40
众人,39
孩子,38
车子,38
妻子,38
资源,37
堤坝,37
座位,36
博士,36
穗积,36
桥,35
课,35
记录,34
脚步,34
死者,34
大堂,33
父母,32
宾馆,32
画,32
情报,32
现场,32
母亲,31
物理学,30
丈夫,30
消息,30
样子,29
模样,29
内容,29
护士,29
目的,28
居酒,28
老师,28
地点,26
成,26
缘故,26
资料,26
钱,26
房门,26
课长,26
动手,26
官,26
可能性,26
井,26
对面,25
地图,25
旅客,25
水,24
妈,24
柜台,24
低下头,24
旅店,24
电车,23
老头,23
老板,23
桌子,23
屋,22
凶手,22
厨房,21
道路,21
纸,21
计划,21
爸,21
女子,21
菜刀,21
楼梯,20
眼镜,20
饭菜,20
出租车,20
会议,20
椅子,20
生物,20
我会,20
别墅,20
眉头,19
上衣,19
电梯,19
手册,19
筷子,19
身子,19
老婆,19
鹈饲,19
嘴,18
状况,18
走廊,18
语调,18
家人,18
潜水,18
回家,17
距离,17
金属,17
人类,17
打了个,17
锅炉,17
意义,17
味道,17
船,17
夫妇,17
人生,17
烟囱,17
家伙,17
参观,17
住宅,17
面,16
姑妈,16
嗓门,16
自行车,16
小时,16
关键,16
客气,16
消失,16
钥匙,16
宴会,16
楼,16
嘴唇,16
心想,15
海水浴场,15
笑容,15
车,15
意见,15
会议室,15
低头,15
衣兜,15
手指,14
门,14
处,14
内心,14
股长,14
同学,14
秘密,14
详细情况,14
身体,14
重物,14
杀人,14
患者,14
杯子,13
鱼,13
游戏,13
作业,13
手,13
大学,13
热水,13
矿床,13
世界,13
大楼,13
字,13
关门,13
店员,13
科学,13
路,13
客房,13
浓度,13
心,13
文件,13
流浪汉,13
车门,12
菜,12
指指,12
行李,12
景色,12
印象,12
身影,12
电视,12
人影,12
报警,12
问问,12
号码,12
死因,12
机会,12
罪犯,12
车辆,12
气体,12
院长,12
一家人,11
杂志,11
无表情,11
乘客,11
字样,11
脑袋,11
公民,11
入场券,11
社会,11
科,11
空调,11
拐杖,11
总会,11
网站,11
住址,11
纸箱,11
神,11
酒吧,11
卡,11
酒杯,11
餐馆,11
医生,11
数据,11
背影,11
杀人案,11
动作,11
实,11
短信,11
见面,11
新宿,11
小吃店,11
女人,11
袋子,10
地址,10
同伴,10
营业,10
讲堂,10
停车场,10
观光,10
矿物,10
教师,10
角度,10
白色,10
学者,10
技术,10
答案,10
开发计划,10
面包车,10
现象,10
木屐,10
出面,10
学校,10
被子,10
遗体,10
证明,10
女性,10
全身,10
马,10
名册,10
杯垫,10
监狱,10
背包,9
起居室,9
牌子,9
身份,9
环境,9
会场,9
男,9
心情,9
机构,9
居民,9
海域,9
爸妈,9
根本就是,9
县,9
科学家,9
上司,9
名片,9
老实,9
窗户,9
检票口,9
部下,9
事实,9
情绪,9
刹车,9
氧气,9
脚,9
想象,9
双臂,9
事务所,9
电话簿,9
志愿者,9
耳朵,9
真话,9
理由,9
会客室,9
轮椅,9
供词,9
候车室,9
塑料瓶,8
茶,8
光芒,8
儿子,8
状态,8
指,8
方向,8
红色,8
过会儿,8
头发,8
主持人,8
屋顶,8
废墟,8
记忆,8
程度,8
长椅,8
身材,8
力量,8
住宿,8
病,8
点儿,8
二楼,8
关,8
镜片,8
商量,8
前辈,8
钱包,8
女孩,8
神色,8
登记簿,8
住处,8
盘腿,8
血液,8
话题,8
纸袋,8
啤酒,8
住宿费,8
痕迹,8
安眠药,8
警,8
习题,8
故乡,8
癌症,8
听筒,8
引擎,8
公园,8
机器,8
对话,8
老者,8
员工,8
名古屋,8
毕业,8
脑海,8
小筒,8
前台,8
母女,8
老人,8
床上,8
词,7
衬衫,7
铝箔,7
海面,7
理会,7
玩意,7
瓶子,7
时钟,7
商议,7
晚饭,7
气氛,7
建筑,7
职员,7
经济,7
海水,7
条件,7
玻璃杯,7
空,7
公寓,7
老家,7
命令,7
心痛,7
兴趣,7
一楼,7
肚子,7
榻榻米,7
低声,7
声,7
经历,7
设想,7
服务生,7
投向,7
鉴定员,7
颜色,7
衣服,7
原地,7
老板娘,7
问话,7
结案,7
地面,7
线索,7
画面,7
顺带,7
蜂窝煤,7
理论,7
手柄,7
壁柜,7
团体,7
银座,7
发动机,7
报纸,7
负责人,7
煎饼,7
母女俩,7
警车,7
游泳池,6
老太,6
午饭,6
塑料袋,6
键盘,6
结论,6
皱纹,6
精神,6
圆珠笔,6
视线,6
时节,6
集会,6
语气,6
课课,6
灰色,6
好事,6
盘子,6
环境保护,6
挥挥手,6
腿脚,6
司机,6
餐厅,6
浴衣,6
脸色,6
水桶,6
酒馆,6
酒,6
地步,6
头痛,6
习惯,6
后院,6
角落里,6
地板,6
本子,6
心思,6
茶水,6
肩膀,6
手电筒,6
使劲儿,6
症状,6
研究室,6
右手,6
后辈,6
形状,6
电脑,6
心愿,6
蓝色,6
商店,6
火,6
棉花,6
证据,6
书房,6
抽屉,6
观点,6
警徽,6
老爸,6
场所,6
网吧,6
态度,6
建议,6
甲板,6
杂样,6
小鱼,6
排座位,6
开业,6
番话,6
家乡,6
风味,6
病情,6
院方,6
管道,6
车厢,5
夫妻俩,5
儿童,5
数量,5
背脊,5
睁大眼睛,5
短裤,5
裤兜,5
楼房,5
电话号码,5
指针,5
T恤,5
关心,5
踏板,5
汗水,5
灯光,5
成分,5
里屋,5
藤椅,5
膝盖,5
皱眉,5
讲话,5
这番话,5
谜团,5
预料,5
大学老师,5
敌人,5
光,5
坐电梯,5
窗帘,5
酒屋,5
食指,5
方法,5
两件事,5
指导,5
行礼,5
额头,5
手套,5
房,5
陌生,5
按钮,5
口味,5
店老板,5
有益,5
带我去,5
天空,5
空气,5
漫长,5
红叶,5
警员,5
脑部,5
规模,5
水晶,5
风景,5
直觉,5
现实,5
伤痕,5
办案,5
笔记本电脑,5
液晶屏,5
板脸,5
皮肤,5
评价,5
咖啡,5
时机,5
案发,5
新人,5
品川,5
助手,5
专心,5
器具,5
眼色,5
小楼,5
脚步声,5
柄,5
凡事,5
主管,5
同情,5
方式,5
亲戚,5
主意,5
同事,5
营业时间,5
记,5
理惠,5
上车,5
圆形,5
预感,5
海藻,5
容器,5
嫌疑人,5
三角形,5
挠头,5
度假村,5
日子,5
甘愿,5
幅画,5
婴儿,5
新干线,4
年龄,4
游客,4
饭团子,4
游戏机,4
上学,4
海岸边,4
电源,4
地望,4
障碍,4
指向,4
多长时间,4
迷路,4
街,4
大巴,4
所有人,4
笔记,4
开襟,4
帝都,4
商业化,4
稀有金属,4
茶壶,4
街镇,4
种类,4
专家,4
套话,4
旅行包,4
走路,4
空间,4
菜肴,4
男女,4
住家,4
错误,4
设法,4
电磁,4
体型,4
普通人,4
生气,4
眼,4
手肘,4
外甥,4
早饭,4
瘪嘴,4
散步,4
坐垫,4
睁开眼睛,4
茶杯,4
都行,4
误会,4
天气预报,4
天气,4
领带,4
合情合理,4
下楼梯,4
本地人,4
血迹,4
家门,4
情形,4
整理,4
土特产,4
区域,4
店面,4
保密,4
名簿,4
早餐,4
防洪堤,4
跟我来,4
电动绞盘,4
线,4
铃声,4
眉毛,4
发射台,4
警部,4
设施,4
时期,4
小店,4
任由,4
细节,4
女刑警,4
区,4
脑,4
物品,4
事业,4
碗筷,4
火药,4
便利店,4
对象,4
红酒,4
意识,4
民居,4
一段距离,4
烟,4
斡裣仞,4
眼角,4
心事,4
脊背,4
实力,4
借口,4
算术,4
山谷,4
草,4
牛舌,4
山药,4
泥,4
麦饭,4
部长,4
区别,4
动机,4
甘心,4
隶属于,4
船只,4
工作人员,4
围裙,4
证词,4
理,4
表面,4
实情,4
编号,4
潜水镜,4
冰柜,4
物体,4
肌肤,4
精力,4
浑身,4
画画,4
火苗,4
纸锅,4
百度,4
咖啡店,4
咖啡杯,4
大门,4
住院,4
研讨会,4
信件,4
美女,4
网球,4
客户,4
话语,4
被窝,4
料理店,4
喉咙,4
死心,4
泥人,4
眼窝,4
共犯,4
废气,4
事态,4
罪行,4
油炸,4
父子,4
罪名,4
绿茶,4
花纹,4
感情,4
新闻,4
亲生女儿,4
小学,3
个头,3
封面,3
娘家,3
姐姐,3
商品,3
小声,3
礼物,3
小孩,3
关机,3
内,3
松口气,3
线路,3
填字游戏,3
空格,3
骨头,3
邻座,3
问句,3
门帘,3
化妆,3
弟弟,3
坡道,3
标志,3
香气,3
喝啤酒,3
资格,3
银行,3
市,3
名称,3
市政府,3
地向,3
电器行,3
胳臂,3
中学,3
政府,3
讲台,3
会议桌,3
西服,3
野,3
瑰宝,3
形容,3
经营者,3
鞋子,3
果汁,3
手势,3
书包,3
海景,3
耳,3
头顶,3
姐弟俩,3
干杯,3
因素,3
来源,3
产业,3
活力,3
渔业,3
遗传因子,3
学,3
话音刚落,3
圆场,3
信息,3
偶然间,3
玉,3
锅炉房,3
生鱼片,3
电梯门,3
电视机,3
家居,3
下巴,3
患病,3
酒精,3
光线,3
角落,3
直率,3
活动家,3
线圈,3
眉,3
血,3
后脑,3
路灯,3
面积,3
姓名,3
证,3
叔叔,3
大人,3
科学研究,3
校方,3
物理,3
真理,3
干系,3
渔民,3
外衣,3
手机号码,3
人数,3
淡色,3
手帕,3
停尸房,3
警衔,3
地站,3
地名,3
纸片,3
感兴趣,3
提出申请,3
双手,3
棘手,3
车速,3
无力,3
离席,3
事物,3
口气,3
警戒,3
行,3
警戒线,3
火山,3
鼻子,3
体质,3
大脑,3
标签,3
钟,3
部门,3
差点,3
住客,3
卖点,3
港口,3
提供情报,3
汗,3
小组,3
责问,3
熟人,3
迹象,3
阀门,3
原本,3
法儿,3
舌,3
椅背,3
职业,3
酒客,3
店长,3
药,3
原理,3
黑色,3
利用,3
恶心,3
葡萄酒,3
员站,3
驾车,3
爱车,3
烟灰缸,3
车窗,3
事务,3
事仙,3
佛坛,3
书架,3
子机,3
泪桥,3
眼珠,3
能力,3
个面,3
机密,3
语文,3
暑假作业,3
内角,3
题,3
餐叉,3
做作业,3
节目,3
心脏,3
灯,3
成果,3
胖,3
道理,3
点子,3
经验,3
事儿,3
中央,3
指尖,3
情侣,3
氛围,3
水深,3
装置,3
起因,3
念头,3
装饰,3
手艺,3
单身,3
躺椅,3
店主,3
披萨,3
冲绳,3
考虑一下,3
货架,3
面颊,3
面食,3
空雀,3
小炉,3
温度,3
外地,3
材料,3
制度,3
同感,3
办理,3
事宜,3
邮戳,3
4S店,3
软式,3
社,3
时事,3
腿,3
角,3
近况,3
菜馆,3
住院费用,3
梦,3
问询处,3
院长室,3
自我介绍,3
心存,3
贵院,3
医师,3
证实,3
困境,3
嘴角,3
脖颈,3
力气,3
故障,3
夫妇俩,3
父子俩,3
耳塞,3
两口子,3
夹,3
事件,3
病房,3
泪水,3
阳台,3
谜,3
身世,3
脑子里,3
扇门,3
硬纸板,3
月台,2
进站,2
海,2
夫妻,2
鸡蛋,2
办事,2
亲戚家,2
惯例,2
机场,2
乡,2
外婆,2
亡故,2
食物,2
舌头,2
形式,2
机关,2
车票,2
席,2
规矩,2
魔术,2
行李架,2
通报,2
条,2
二郎腿,2
机械,2
人物,2
汽车,2
空白,2
条路,2
坏人,2
当心,2
风,2
沿路,2
大厅,2
现状,2
中心,2
经济效益,2
信任,2
演讲会,2
主题,2
投影仪,2
荧幕,2
来宾,2
物理系,2
课桑,2
大字,2
产业省,2
能源,2
技术开发,2
陆地,2
油画,2
沙哑,2
秃头,2
餐盘,2
口渴,2
同父异母,2
交通事故,2
礼,2
地形,2
开发技术,2
水平,2
邮件,2
反对派,2
国家,2
技术人员,2
洞穴,2
对策,2
公分,2
遭遇,2
圈子,2
商业,2
例子,2
心理准备,2
旺季,2
男性,2
消防,2
捕鲸船,2
故事,2
晚餐,2
侄子,2
小孩儿,2
小孩子,2
遥控器,2
马路,2
拇指,2
海风,2
年轻人,2
会儿,2
冰块,2
玩味,2
气候,2
本质,2
议题,2
面庞,2
菜单,2
腌鱼,2
下酒菜,2
研究成果,2
瓶生,2
啤,2
晚安,2
脚尖,2
劲儿,2
头部,2
小路,2
成绩,2
少女,2
面貌,2
冷气,2
牛仔裤,2
办公,2
中带,2
无人,2
澡堂,2
当地人,2
日式,2
专用,2
机能,2
共济,2
组员,2
天花板,2
茶几,2
屋子,2
厅,2
拖鞋,2
米饭,2
咸鱼,2
汤,2
警察局,2
人情,2
怪人,2
立场,2
大道理,2
学生,2
基本粒子,2
理科,2
帽子,2
玩玩,2
带你去,2
学会,2
列车,2
心怀,2
旅游观光,2
身材苗条,2
关口,2
脸色铁青,2
泪痕,2
赘肉,2
通话,2
浑水,2
一辆车,2
葬礼,2
阶段,2
责任,2
手臂,2
西装,2
坡,2
行是,2
禁止入,2
物质,2
景象,2
大船,2
偏食,2
规管,2
帮帮我,2
瓶,2
总,2
色彩,2
蜂,2
鸣声,2
杀人案件,2
凉气,2
采取行动,2
美景,2
图,2
塑料,2
熟练地,2
办公桌,2
盲打,2
眼镜片,2
内出血,2
面子,2
主导权,2
厅里,2
乐意,2
音,2
飞,2
速度,2
水面,2
标尺,2
制约,2
特征,2
打气筒,2
量,2
视频,2
朝向,2
条线,2
原话,2
开腔,2
整条路,2
地产,2
花草,2
架子,2
任命,2
住宅区,2
口角,2
资深,2
刀,2
区区,2
案发时,2
机灵,2
蛋包饭,2
鉴定组,2
小角,2
纸球,2
火花,2
火源,2
啜口,2
穿衣服,2
地下室,2
楼梯口,2
空地,2
树林,2
边塞,2
钉子,2
砂纸,2
火机,2
高声,2
火光,2
黄色,2
臭味,2
头衔,2
共事,2
好感,2
国民,2
外地人,2
鹰钩鼻,2
中毒事件,2
网络,2
意愿,2
电话公司,2
任职期间,2
人手,2
记性,2
废品,2
班,2
家事,2
性格,2
书架上,2
书桌,2
黄页,2
会派,2
住所,2
思维,2
性能,2
外行,2
情,2
知县,2
观察力,2
天才,2
手脚,2
问事,2
正题,2
时代,2
岛,2
精神压力,2
胃口,2
情愿,2
老妈,2
假期作业,2
总和,2
烤肉,2
套餐,2
烤鱼,2
警派,2
女同事,2
时说,2
嘴里塞,2
房子,2
发毛,2
大叔,2
尺码,2
电灯,2
整间,2
岁数,2
妈妈,2
碟子,2
香烟,2
通宵,2
犯案,2
组队,2
藤,2
行业,2
无法解释,2
金钱,2
积蓄,2
案发后,2
公用电话,2
嫌疑犯,2
机器设备,2
天平,2
发挥作用,2
双拳,2
顶级,2
问东问西,2
纠纷,2
车主,2
埠头,2
声呐,2
声调,2
音响设备,2
缩脖子,2
科学技术,2
饮品,2
文字,2
女客,2
店门,2
收银台,2
时隔,2
开店,2
锅,2
艺名,2
手头,2
情境,2
人间,2
前事,2
坂,2
铁板,2
恭维,2
地道,2
企业,2
分公司,2
括号,2
院校,2
地铁,2
疑心,2
厂商,2
地用,2
姿势,2
肚子饿,2
步行,2
山,2
尾气,2
古铜色,2
海报,2
纸条,2
店家,2
咖啡厅,2
一番话,2
开家,2
冷漠,2
轻卡,2
公式,2
数字,2
主妇,2
家家,2
住户,2
响指,2
红晕,2
势头,2
热气,2
面类,2
仓库,2
过程,2
店门口,2
工夫,2
树木,2
意料,2
铃声响起,2
动画,2
鱼类,2
海味,2
很漂亮,2
餐刀,2
祖父,2
后背,2
双腿,2
酱油,2
用纸,2
眼神,2
煎锅,2
面朝,2
手表,2
门铃,2
对讲机,2
私立中学,2
胳肢窝,2
排队,2
重病,2
低额,2
户口本,2
附件,2
住院治疗,2
行凶,2
尘埃,2
心扉,2
路程,2
邮筒,2
买车,2
会客,2
子家,2
急事,2
千金,2
剧场,2
脖子,2
樱花,2
赏花,2
关键词,2
相簿,2
带回去,2
面容,2
契机,2
风月场所,2
干面,2
作,2
冰箱,2
西餐厅,2
家属,2
有神,2
泥巴,2
泥浆,2
枕头,2
动身,2
起程,2
胭脂,2
匝道,2
事务局,2
医疗事故,2
整件,2
难事,2
手术,2
声誉,2
老朋友,2
胰腺癌,2
粉色,2
起码,2
钢管,2
脚轮,2
与会者,2
见状,2
信,2
沉声,2
烈酒,2
气味,2
光景,2
墙,2
面墙,2
男孩,2
交托,2
整件事,2
噩梦,2
桌面,2
子女,2
假,2
世人,2
罪,2
扇贝,2
专程,2
胸膛,2
硬生生,2
无辜,2
常人,2
海潮,2
速溶,2
身体状况,2
瓶罐,2
人命,2
啤站,2
内衣裤,2
厨师,2
雇,2
鹈饲说,2
女士,2
鼻梁,2
脸庞,2
耳光,2
罪孽,2
律师,2
时光,2
奇迹,2
把柄,2
病床,2
视野,2
亲自动手,2
地问,2
大潮,2
作画,2
白费,2
水道,2
饭食,2
患上,2
券,2
当事人,2
命运,2
作何,2
泳池,2
大虾,2
目标,2
血红,2
脚蹼,2
数学家,2
陪伴着,2
夜空,2
来线,1
包厢,1
过道,1
流水,1
滑台,1
框,1
图案,1
外套,1
着件,1
夹克衫,1
身材高大,1
圆脸,1
塑料杯,1
饭盒,1
炸鸡块,1
小花,1
营业额,1
飞机,1
精品店,1
原创,1
大餐,1
团,1
游戏装,1
儿童用,1
礼节,1
误车,1
全堆,1
密码,1
垃圾,1
手机信号,1
信号,1
收场,1
一站站,1
鼾,1
鼾声,1
谜面,1
剧识,1
骨,1
主人公,1
虚构,1
科学杂志,1
谜题,1
公平,1
装茶,1
手绘,1
姑母,1
段距离,1
隧道,1
顶块,1
功效,1
粉底,1
雕刻,1
不平,1
站台,1
堂弟,1
大石头,1
石头,1
招呼站,1
淋浴,1
购物中心,1
音译,1
入场,1
参加者,1
撰稿人,1
协商,1
面孔,1
人则,1
议论,1
人画,1
饼,1
全盘,1
头位,1
状地,1
记忆里,1
名人,1
录音机,1
空空,1
市长,1
职务,1
面色,1
副教授,1
概略,1
开发资源,1
用地,1
成岩,1
石块,1
铜,1
铅锌,1
元素,1
锗,1
先锋,1
坡长,1
油漆,1
斑驳陆离,1
气派,1
一幕幕,1
爬坡,1
冷风,1
帘子,1
藤编,1
冷饮,1
可乐吧,1
雪人,1
体重,1
财神爷,1
姐事,1
金子,1
银子,1
纸包,1
牛肉,1
作家,1
矿石,1
储藏量,1
比重,1
品质,1
筛矿,1
口号,1
吸引力,1
救世主,1
自由职业者,1
主义者,1
取得联系,1
解决问题,1
灵活运用,1
声势,1
良机,1
深情,1
技术员,1
字面上,1
保护措施,1
看情形,1
地下资源,1
途径,1
空话,1
心焦,1
核电站,1
形形色色,1
官员,1
政客,1
局面,1
省力,1
客流量,1
低谷,1
信息内容,1
身躯,1
驾船,1
胡乱,1
男人,1
餐车,1
问店,1
晚十点,1
主菜,1
住店,1
电视节目,1
不出去玩,1
冲天炮,1
停车站,1
家,1
大学生,1
电灯泡,1
过头,1
激进派,1
起源,1
动物,1
代表,1
珊瑚礁,1
怪罪,1
核试验,1
石油,1
全球性,1
摊牌,1
电磁场,1
地质,1
前提,1
新式,1
实施办法,1
屋门,1
同桌,1
厚脸皮,1
渔具,1
官僚,1
关灯,1
岗位,1
咽口,1
唾沫,1
年长,1
帽檐,1
浴场,1
发现者,1
口桥,1
梯子,1
拍照片,1
面具,1
人念,1
文静,1
文学,1
小卖部,1
垃圾场,1
工钱,1
义工,1
肋,1
原委,1
哥,1
类型,1
实则,1
厕所,1
人居,1
食堂,1
实事,1
老年人,1
裤子,1
衣物,1
现金,1
棉被,1
客厅,1
墙角,1
纳豆,1
饭厅,1
信服,1
例行公事,1
豆,1
姐,1
套用,1
缘分,1
课程,1
酷,1
理想,1
暗想,1
字眼,1
有钱人,1
给我发,1
报酬,1
一分钱,1
光彩,1
物理学家,1
宇宙,1
中微子,1
星辰,1
地,1
图画,1
用场,1
世纪,1
战争,1
总统,1
泡汤,1
气象学,1
产物,1
风向,1
湿度,1
学理科,1
天气图,1
错,1
螺旋式,1
一条街,1
等候,1
平头,1
灰黑色,1
梳朝,1
战阵,1
警察署,1
恭候,1
驼背,1
伤口,1
血丝,1
膝头,1
手提袋,1
检查一下,1
会带,1
对折,1
印章,1
月光,1
连头,1
食物链,1
热心,1
先,1
听众,1
请举手,1
八字,1
挫折感,1
散会,1
生息,1
镇子,1
道别,1
脚踏板,1
车事,1
找碴儿,1
步幅,1
名堂,1
乐子,1
步,1
贩卖机,1
火山岩,1
结晶,1
宝物,1
有色,1
让我学,1
洋面,1
小船,1
爸车,1
离心力,1
视觉,1
专业,1
用处,1
来路,1
太难,1
准备就绪,1
碳酸,1
饮料,1
容量,1
定格,1
单据,1
品名,1
瓶类,1
铺床,1
床铺,1
收手,1
回老家,1
爷爷,1
脑血栓,1
儿戏,1
眉角,1
课名,1
职位,1
大人物,1
钟头,1
司法,1
嘴巴,1
破脏,1
想了个,1
手枪,1
短袖衫,1
性极,1
塑料桶,1
地球,1
言行,1
架势,1
性,1
落地,1
寒意,1
全失,1
机关枪,1
暴力,1
脑溢血,1
心脏麻痹,1
重点,1
实质,1
颜面,1
寒光,1
份文件,1
肉眼,1
冲力,1
钓鱼,1
误差,1
载人,1
日头,1
箭,1
翅膀,1
独创性,1
烟盒,1
显示屏,1
一定量,1
水管,1
地装,1
制,1
空气量,1
待会儿,1
倒数,1
尾部,1
喷射出,1
绿色,1
彩绘,1
入射光,1
地连点,1
国,1
野心,1
阴谋,1
个股,1
一事,1
山地,1
太小,1
外伤,1
窗框,1
厢式,1
野心家,1
浑蛋,1
目的地,1
桥派,1
岔口,1
玫瑰园,1
八音盒,1
艺术馆,1
街道,1
卷帘门,1
干货,1
岔路,1
草帽,1
全部都是,1
杂草,1
有户,1
斜坡,1
波家,1
长裤,1
套装,1
看吧,1
代理,1
官股,1
正事,1
费事,1
时花,1
腹部,1
小包,1
波包,1
一介,1
房屋,1
眼望,1
屏幕显示,1
法医,1
结果表明,1
致死量,1
高浓度,1
表弟,1
凉菜,1
汤匙,1
歉意,1
官腔,1
课人,1
余地,1
基本原理,1
差异,1
大炮,1
餐巾纸,1
圆筒形,1
冲击力,1
气压,1
反作用力,1
压缩空气,1
嘴动,1
师资格,1
炉灶,1
火能,1
风格,1
铁粉,1
火星,1
真面目,1
时间推移,1
铜绿色,1
钡,1
钠,1
化合物,1
焰色,1
蛇形,1
异状,1
暂停营业,1
保持联系,1
公私,1
异性,1
鼻翼,1
酒桶,1
木头,1
过喉,1
瓶身,1
优点,1
社交,1
暖气,1
交代,1
救护车,1
穗,1
黑发,1
断气,1
县里,1
医学部,1
教授,1
人格,1
正统,1
辅助剂,1
小人,1
装巧,1
所辖组,1
文件夹,1
乡下人,1
增派,1
发信人,1
加快速度,1
导航仪,1
小道,1
路牌,1
驾驶席,1
车载,1
公审,1
拘泥于,1
服刑,1
回收公司,1
手刹,1
木结构,1
庭院,1
遗照,1
客套话,1
意志,1
宽室,1
木制,1
太郎,1
书,1
座机,1
书桌上,1
折角,1
荒川,1
角摊平,1
铁则,1
前科,1
租房,1
限度,1
联系,1
人事,1
淡定,1
停车线,1
性子,1
绿灯,1
出众,1
私藏,1
头脑,1
模式,1
交叉口,1
脸蛋,1
工会,1
教坛,1
站家,1
旁观者,1
毛豆,1
一碟,1
黑雾,1
姑娘,1
居酒屋,1
疏神,1
敏捷地,1
游戏音乐,1
损失,1
细缝,1
建设性,1
假想,1
吊人,1
体会,1
神龛,1
日程表,1
读后感,1
地玩,1
收假,1
漂亮话,1
习题集,1
玩儿,1
八角形,1
算术题,1
参与者,1
个题,1
试一下,1
人道,1
傻站,1
营养,1
本场,1
小区,1
市人,1
目黑区,1
世事,1
公司业绩,1
经营范围,1
担子,1
债台高筑,1
交道,1
艺,1
切块,1
问死,1
电话铃,1
母机,1
频道,1
偶像,1
主演,1
电视剧,1
内线,1
出去玩,1
把子,1
机,1
筋,1
柜子,1
地放,1
木牌,1
阵,1
条子,1
门锁,1
灰尘,1
灯亮,1
拳头,1
年头,1
爸爸,1
死爸,1
邻家,1
大婶,1
换来换去,1
几秒钟,1
店名,1
投币,1
圆木,1
餐桌,1
挎包,1
居所,1
驴友,1
口感,1
难民,1
价格便宜,1
生病,1
高层,1
家境,1
志,1
步入,1
心脏病,1
好戏,1
疑点,1
住宅小区,1
木场,1
犯罪事实,1
时藤,1
老兵,1
隐情,1
波,1
流浪,1
地想,1
案发前,1
前家,1
餐桌上,1
早安,1
气炸,1
肺,1
笑声,1
学问,1
策划,1
制造厂,1
两码子,1
码子,1
酸奶,1
无趣,1
端碗,1
新闻报道,1
问候,1
老百姓,1
瓶颈,1
电影,1
书籍,1
裁缝,1
干部,1
身,1
员县,1
关键人物,1
下药,1
短时间,1
证言,1
差,1
魄力,1
客船,1
船身,1
斑渍,1
点点,1
重臂,1
工业,1
火山口,1
原形,1
行船,1
船体,1
吨位,1
航速,1
海图,1
液晶电视,1
税金,1
调查过程,1
会长,1
光束,1
音响,1
器械,1
曳航体,1
绞盘,1
远程,1
显示器,1
杂音,1
特设,1
图纸,1
样机,1
重量,1
样品,1
领域,1
专业知识,1
研究者,1
功过,1
离场,1
叶轮,1
质子,1
磁力仪,1
成因,1
磁力,1
岔子,1
物理现象,1
过想,1
粉物,1
客店,1
爬楼梯,1
食客,1
铁皮,1
阁下,1
身份证,1
目,1
楼层,1
皮革,1
景气,1
梦想,1
烧店,1
佐料,1
酒保,1
欠款,1
油珠,1
姓氏,1
波位,1
踪影,1
便宜货,1
理惠会,1
所闻,1
账,1
熟客,1
大款,1
花钱,1
男客人,1
哭位,1
男客,1
酱汁,1
鱼片,1
竹筷,1
特产,1
记录纸,1
人事处,1
事项,1
技术部,1
具体地址,1
年度,1
整本,1
顺序,1
提供线索,1
偏差,1
拿主意,1
职,1
老友,1
地游,1
气管,1
气,1
脸面,1
腰,1
帐篷,1
凉鞋,1
沙子,1
支,1
矿泉水,1
精英,1
逗你玩,1
澡,1
更衣室,1
履行诺言,1
窗玻璃,1
艄公,1
车身,1
顶多会,1
全球,1
汽车尾气,1
炉子,1
火炭,1
过量,1
热带,1
水果,1
果盘,1
椰子树,1
风情,1
大片,1
气息,1
理念,1
财力,1
都市人,1
名气,1
衣襟,1
嘴道,1
住手,1
女店员,1
资金,1
背款,1
乘用车,1
工厂,1
水质,1
思想,1
急坡,1
树枝,1
开辆,1
那辆车,1
圆圈,1
教材,1
扇形,1
龙头,1
骑车,1
车流量,1
数,1
五室,1
载客,1
气温,1
路面,1
柏油路,1
肠胃,1
食盐,1
海苔,1
裙带菜,1
粉末,1
小吃,1
面店,1
车库,1
山腰,1
山响,1
缝隙,1
生长,1
大地,1
朋友家,1
耳边风,1
常识,1
看扁,1
镜布,1
志向,1
高尚,1
闹铃,1
作业本,1
几题,1
两题,1
片子,1
蚌类,1
热带鱼,1
体验,1
用餐,1
肉汁,1
沙司,1
火炉,1
机器人,1
建网站,1
尖头,1
芥末,1
动作感觉,1
罪过,1
时用,1
灰烬,1
作纸,1
刀叉,1
蔬菜,1
沸点,1
烧瓶,1
温度计,1
数值,1
液态,1
同理,1
燃点,1
火焰,1
纸质,1
开动脑筋,1
纸水,1
燃料,1
被装,1
里油,1
吧台,1
单行道,1
拉面馆,1
中线,1
指示牌,1
方形,1
人心,1
瓷砖,1
重要性,1
相貌,1
杂物,1
新家,1
紧张感,1
脏乱,1
餐椅,1
晚会,1
巡夜,1
杂事,1
指头,1
能耐,1
思索,1
里家,1
毕业生,1
键,1
嗓音,1
警觉,1
水流,1
诨名,1
前仙,1
皮包骨头,1
小巷,1
茶色,1
杂乱,1
高额,1
债务,1
连锁店,1
身染,1
诊疗费,1
能治,1
医院地址,1
证才,1
通融,1
员们,1
客观,1
面馆,1
站点,1
等物,1
小屋,1
空屋,1
屋子里,1
厚度,1
探险,1
地域,1
犯罪行为,1
生涯,1
信用,1
参会者,1
朝日,1
具体位置,1
亲戚朋友,1
事众,1
车体,1
口哨,1
油耗,1
排气量,1
动力,1
价格,1
日元,1
分量,1
质感,1
淡灰色,1
费心,1
冰镇,1
新车,1
目录,1
部员,1
仙台,1
事令,1
偏头,1
眉想,1
下车时,1
里念,1
观念,1
听闻,1
恶作剧,1
底气,1
自动门,1
展厅,1
步伐,1
雀跃不已,1
电,1
层面,1
女警,1
家车,1
手头上,1
剪刀,1
平行四边形,1
矩形,1
直线,1
基础,1
四边形,1
五边形,1
图形,1
自动铅笔,1
顶点,1
画线,1
算式,1
把门,1
条缝,1
新意,1
伤脑筋,1
人能,1
猪排,1
饭,1
重温,1
厨子,1
鱼冻,1
鲜鱼,1
饭馆,1
思乡,1
爱人,1
幅,1
实心,1
痰,1
礼貌,1
活儿,1
挑式,1
酱碟,1
手机号,1
老乡,1
土里土气,1
乡土气息,1
劈头,1
大腿,1
挂钟,1
过念,1
特地,1
太巧,1
汗衫,1
手段,1
特色,1
病痛,1
主治医师,1
癌,1
泥山,1
高度,1
人形,1
脸贴,1
睡衣,1
订房间,1
时刻表,1
奶油色,1
高楼,1
候诊室,1
悬心,1
办公室,1
外挂,1
白大褂,1
银丝,1
斜视,1
医院院长,1
桌椅,1
戒备,1
住院手续,1
错误判断,1
待遇,1
患,1
胃癌,1
营养状况,1
很糟,1
做手术,1
本站,1
手握着,1
值班室,1
金属物,1
含义,1
区划图,1
秒针,1
仔细听,1
头骨,1
羽毛,1
鸡,1
病号服,1
衣袖,1
柴,1
半空,1
血色,1
焦点,1
死讯,1
笼子,1
巡逻车,1
结伴,1
队列,1
警灯,1
警笛,1
盖饭,1
跑腿,1
纸笔,1
理路,1
候命,1
全赖,1
补救措施,1
开端,1
说场,1
门缝,1
焦臭,1
楼顶,1
烟尘,1
原,1
地震,1
气密性,1
煤烟,1
制造商,1
毒死,1
锁门,1
歹心,1
棉袍,1
颈部,1
要点,1
事赖,1
手掌,1
指派,1
命,1
橘子汁,1
游泳圈,1
大动肝火,1
情景,1
坦白,1
总存,1
做件,1
傻事,1
教练员,1
身材矮小,1
外头,1
傻瓜,1
小拇指,1
小指,1
演技,1
板着脸,1
节奏,1
突破口,1
关键所在,1
电器店,1
警告,1
停站,1
前轻卡,1
观光业,1
人才,1
耳闻,1
做菜,1
虾,1
装盘,1
蕃茄,1
威风,1
事花,1
狐狸,1
背书,1
太重,1
小鬼头,1
坏件,1
外线,1
十楼,1
走野,1
落地窗,1
大会,1
临窗,1
音乐,1
纸巾,1
装蒜,1
鼻孔,1
做学问,1
外野,1
疗养,1
铝合金,1
暖风,1
轮廓,1
冷柜,1
润润,1
浪费时间,1
错人,1
啤来,1
连带,1
泡沫,1
地念,1
过段时间,1
化妆品,1
庄车,1
开惯,1
施工现场,1
照明灯,1
艺人,1
屏幕,1
派出所,1
穷人,1
富人,1
长舌,1
人语,1
寒气,1
脊梁骨,1
面向,1
真命天子,1
守护者,1
恭候光临,1
是我太,1
数码相机,1
闪光灯,1
车头,1
回地,1
喉头,1
地长,1
纽扣,1
联系人,1
居住地,1
功夫,1
定案,1
起点,1
脚底,1
鹈饲继男,1
货进,1
上菜,1
大道,1
鹈饲很,1
陪酒女,1
工薪族,1
贺年片,1
鹈饲仙,1
鹈饲偏,1
吃力,1
犯事,1
前衫,1
媳妇,1
瓜子脸,1
鹈饲道,1
贤妻,1
时因,1
波件,1
真凶,1
住事,1
节外生枝,1
床,1
责备,1
姐夫,1
食欲,1
闹钟,1
猪肉,1
海行,1
目击者,1
装腔作势,1
头面人物,1
老面孔,1
窝囊气,1
物证,1
性质,1
处方药,1
异常情况,1
叠平,1
附带,1
技能,1
地皱,1
强风,1
逆流,1
根本性,1
旁观,1
轮口,1
电车站,1
披件,1
外排,1
高速公路,1
瞎说,1
车轮,1
僵,1
干尸,1
米色,1
病服,1
观察者,1
病魔,1
手动,1
眼珠子,1
眼帘,1
造型,1
逊色,1
数码照片,1
海岸线,1
弧线,1
浪花,1
精气,1
外,1
曲线,1
咽下,1
方向盘,1
时人,1
费工夫,1
事出有因,1
封口费,1
座椅,1
女孩子,1
羊,1
爱情,1
上力,1
梦幻,1
商社,1
电器,1
制品,1
公文包,1
坐飞机,1
全国,1
业务,1
老客户,1
皮影戏,1
一流,1
小个儿,1
小菜,1
酒仙,1
曲,1
时刻,1
胆量,1
时会,1
注意力,1
子理,1
频率,1
好人,1
开瓶,1
香槟,1
加点,1
酒瓶,1
泪花,1
防线,1
肉体,1
婚礼,1
身子骨,1
亲生骨肉,1
光泽,1
臂弯,1
陶瓷,1
泪,1
成仙,1
秘宝,1
相框,1
常会,1
杂念,1
胜者,1
怨言,1
成就,1
画仙,1
工具,1
画架,1
画布,1
颜料,1
电量,1
熟络,1
衣着,1
动情,1
谎称,1
晨间,1
包袱,1
皮包,1
妹妹,1
孩提,1
思绪,1
走水,1
戏,1
余力,1
体力,1
法庭,1
步骤,1
现行犯,1
装,1
凶器,1
薪水,1
寒酸,1
好景,1
教会,1
天仙,1
绝症,1
大幕,1
时仙,1
波心,1
利索,1
花费,1
技巧,1
文章,1
身患,1
地被,1
私下,1
心意,1
心领,1
出远门,1
病弱,1
客气话,1
尾声,1
断言,1
坟墓,1
笔录,1
眼皮,1
太差,1
单面,1
细节性,1
费用,1
铁栅栏,1
前景色,1
公干,1
灯节,1
影子,1
不容,1
胎儿,1
脸颊,1
刀刃,1
刀把,1
霞光,1
女生,1
神志,1
厚意,1
天职,1
爱女,1
受伤害,1
同心,1
投身于,1
冰冻,1
旧事重提,1
办,1
咽气,1
悲伤地,1
布置,1
死家,1
聪明人,1
使者,1
连话都,1
大嗓门,1
玻璃门,1
拍胸脯,1
虾子,1
铅球,1
旅馆老板,1
为题,1
大案,1
外界,1
能带,1
个儿,1
新学期,1
作上,1
热点,1
权利,1
双唇,1
爸长,1
血气,1
化作,1
潜意识,1
根源,1
同学会,1
倒杯水,1
过手,1
街灯,1
紧握着,1
仇恨,1
妻室,1
血案,1
亲生,1
人世间,1
会心,1
放学,1
氧,1
谎言,1
地压,1
白费心机,1
正人,1
意图,1
具备条件,1
烟气,1
系统,1
动手脚,1
行事,1
空房间,1
壁橱,1
石子,1
小石头,1
水汽,1
晒干,1
假话,1
原原本本,1
责罚,1
掌,1
腮帮,1
报告纸,1
怒气,1
任性,1
朝车,1
渔港,1
热,1
夹烟,1
样,1
牢牢地,1
烙,1
科技,1
数学界,1
定论,1
意,1
明灯,1
重石,1
奶油,1
口盖,1
好好学习,1
全书,1
