相本,21
冷,14
吃惊,9
年轻,6
愉快,5
漂亮,4
新,4
高,4
烦恼,4
有趣,3
厉害,3
简单,3
轻松,3
意外,3
长,3
香,3
不好意思,3
爽快,3
轻易,3
宽敞,2
正好,2
别急,2
不安,2
惊讶,2
黑,2
不错,2
遗憾,2
亲密,2
很大,2
旺,2
旺盛,2
不小,2
糟糕,2
充满,2
犹豫,2
早,2
平常,1
不菲,1
鲜明,1
沉思,1
沉痛,1
顽固,1
深感,1
俏皮,1
踏足,1
浓淡,1
娇俏,1
全,1
不通,1
平和,1
足,1
舒服,1
常见,1
困惑,1
优雅,1
尴尬,1
低,1
慎重,1
可观,1
热爱,1
狭窄,1
苦,1
红,1
奢华,1
平凡,1
难,1
活泼,1
不好受,1
深,1
少,1
硕大,1
稀疏,1
朴实,1
高瘦,1
残忍,1
浅浅,1
羞涩,1
快乐,1
尖,1
激烈,1
一大,1
珍惜,1
悲叹,1
焦躁,1
不愧,1
健硕,1
重,1
很严,1
不淡,1
贵,1
频繁,1
奢侈,1
衰弱,1
孤独,1
美妙,1
坏,1
空,1
神奇,1
平静,1
旧,1
焦急,1
细,1
诧异,1
纤细,1
娇小,1
乐观,1
凌乱,1
愕然,1
珍重,1
痛快,1
惊人,1
激动,1
紧张,1
热闹,1
凄寂,1
精密,1
很淡,1
最合适,1
头疼,1
愁苦,1
紧贴,1
清晰,1
灵感,1
冷静,1
成功,1
了然,1
羞愧,1
