夫人,34
棒球,33
球,33
事,21
车辆,20
事情,19
投球,19
男子,17
时,17
球队,17
停车库,16
宾馆,16
男人,15
地方,14
人,14
妻子,13
女人,12
俱乐部,12
礼物,12
问,12
击球手,11
灭火剂,11
感觉,10
情况,10
受害人,9
职业,9
变化球,9
羽毛球,9
物理学,9
电话,8
战力,8
通告,8
人员,8
哑铃,8
盒子,8
投手,8
姿势,8
手机,7
卡车,7
纸袋,7
开口,7
妙子,7
画面,7
见面,7
声音,6
状况,6
会员,6
丈夫,6
关系,6
上场,6
警卫员,6
美容,6
公司,6
联络,6
案发,6
杂志,6
座钟,6
动作,6
事故,6
身体,5
实力,5
车门,5
汽车,5
男性,5
练习场,5
球员,5
选拔赛,5
曲线,5
记者,5
案件,5
停车场,5
运动员,5
接球,5
老师,5
眼睛,5
手,5
车漆,5
泡沫,5
茶室,5
女侍,5
钟,5
办法,4
肩膀,4
停车位,4
字,4
现场,4
警察署,4
机会,4
回家,4
案发后,4
理论,4
文章,4
现役,4
传感器,4
程度,4
数据,4
车身,4
锈迹,4
蛋糕,4
雨,3
天气,3
小声,3
目的地,3
方向盘,3
刹车,3
问道,3
上司,3
白色,3
挡风玻璃,3
高度,3
车,3
老百姓,3
计划,3
辖区,3
女性,3
外套,3
身份,3
想象,3
空调,3
语气,3
原因,3
方式,3
房间,3
背包,3
手套,3
情形,3
好球,3
白球,3
状态,3
视线,3
大学,3
学者,3
世界,3
消息,3
事实,3
同感,3
物理,3
植入,3
图像,3
羽毛,3
直线,3
走廊,3
水平线,3
科学,3
目光,3
精神,3
运动场,3
洗车,3
驾车,3
餐厅,3
那辆车,3
蜡烛,3
信号灯,2
成,2
仙台,2
晚饭,2
孩子,2
钱,2
车速,2
葬礼,2
对话,2
车体,2
轿车,2
力量,2
胳膊,2
决赛,2
心理准备,2
滋味,2
头部,2
痕迹,2
物品,2
尸体,2
问话,2
遗体,2
车位,2
棒球队,2
体格,2
朋友,2
印象,2
袋子,2
头绪,2
样子,2
细节,2
思索,2
演唱会,2
纪念品,2
财物,2
专用车,2
价值,2
当铺,2
玻璃,2
进口车,2
钱包,2
意识,2
罪犯,2
利用,2
身影,2
指尖,2
心理作用,2
心意,2
水准,2
答案,2
球场上,2
威力,2
可能性,2
目的,2
案子,2
长椅,2
专业,2
篇文章,2
帝都,2
时间,2
人生,2
问问,2
日子,2
现实,2
餐桌上,2
陪伴,2
气场,2
研究室,2
年龄,2
笔记本电脑,2
屏幕,2
画像,2
书桌下,2
空气阻力,2
球体,2
特地,2
科学家,2
直球,2
次数,2
旋转轴,2
方法,2
白费,2
数值,2
机器人,2
嘴唇,2
食指,2
啤酒杯,2
通话记录,2
眉头,2
疑心,2
主妇,2
脚步,2
低下头,2
三振,2
后备,2
地想,2
跑垒,2
对阵,2
小路,2
低头,2
咖啡杯,2
距离,2
车站,2
表面,2
药剂,2
碱性,2
司机,2
警卫室,2
车牌号,2
小册子,2
涂层,2
雨水,2
取得联系,2
料理店,2
海水,2
会面,2
台湾人,2
发音,2
靠边,2
位子,2
空位,2
对象,2
店里,2
阴雨,1
淫雨,1
铃声,1
咂咂嘴,1
面朝,1
红色,1
急事,1
姨妈,1
守夜,1
绿色,1
加速器,1
便利店,1
面包,1
买点,1
食物,1
指向,1
箭头,1
地形,1
事务所,1
外婆,1
疼爱,1
毛,1
同事,1
经济,1
底气,1
笔,1
津贴,1
烟灰缸,1
字样,1
货物,1
保险带,1
大字,1
机械式,1
银色,1
产厢,1
全长,1
照理,1
平面,1
动用,1
特权阶级,1
厢型,1
过分,1
后辈,1
责备,1
人才,1
平头,1
待遇,1
眼角,1
过会儿,1
鼻息,1
车湿,1
经历,1
漫长,1
帷幕,1
总决赛,1
垫底,1
期,1
队友,1
家人,1
病,1
突发性,1
时机,1
遭遇,1
报案,1
报案人,1
面积,1
鲜血,1
警官,1
钝器,1
底盘,1
血迹,1
拎包,1
机动,1
队员,1
原地,1
幅,1
场景,1
整理,1
信息,1
手提包,1
证件,1
将车,1
负责人,1
个人,1
信息内容,1
数据库,1
家属,1
室,1
列席,1
个子,1
西装,1
职员,1
案件线索,1
脸色,1
短信,1
太,1
深表,1
家庭事务,1
塑料袋,1
包装纸,1
会视,1
X射线,1
内容,1
保持联系,1
守灵,1
字眼,1
司法,1
疑犯,1
备用品,1
偶像,1
团体,1
粉丝,1
照例,1
原创,1
资金,1
门锁,1
活儿,1
经验,1
时会,1
警报声,1
两辆车,1
一辆车,1
开辆,1
下车时,1
挂单,1
肩包,1
后脑勺,1
石块,1
音,1
脸,1
手脚,1
头破血流,1
用力,1
指纹,1
现金,1
死角,1
水面,1
大费周章,1
说球,1
振臂,1
投,1
理想,1
轨迹,1
弧线,1
连球,1
刺耳,1
私人,1
量,1
年轻人,1
知县,1
集训,1
队伍,1
排位,1
时日,1
策略,1
控球,1
技术,1
体力,1
人影,1
全线,1
警视厅,1
熟人,1
理由,1
嫌犯,1
五球,1
身体状况,1
指,1
书虫,1
方盒,1
纪念日,1
线,1
总会,1
名称,1
书,1
题目,1
兴趣,1
时代,1
同学,1
出租车,1
道理,1
蠢话,1
对牛弹琴,1
川流,1
夜景,1
负,1
过场,1
条件,1
审美观,1
任性,1
干点,1
学,1
不值,1
消失,1
半程,1
成绩,1
决赛圈,1
阵容,1
重点,1
观众席,1
酒,1
脖子,1
风格,1
建筑,1
校门,1
学科,1
等候,1
副教授,1
白大褂,1
形象,1
中央,1
数字影像,1
计算机,1
圆锥,1
速度慢,1
风力,1
速度,1
特征,1
原本,1
重力,1
塑料,1
制,1
意图,1
用品,1
学生,1
专业人士,1
路线,1
触感,1
真球,1
重量,1
工夫,1
玩玩,1
喊一声,1
二度,1
真让人,1
优点,1
加速度,1
力,1
方向,1
看腻,1
牙齿,1
常人,1
客观,1
手法,1
协助者,1
书桌,1
慰问品,1
铜锣,1
老实,1
变形,1
效果,1
关节,1
角速度,1
名词,1
客套,1
话,1
淡定,1
门外汉,1
巅峰状态,1
差异,1
化,1
全盛期,1
水平,1
差距,1
因素,1
短时间,1
总,1
消极,1
凶杀案,1
内心,1
天堂,1
保密,1
居酒,1
屋,1
谋杀案,1
毛豆,1
证据,1
住宅,1
小时,1
事向,1
角想,1
表情,1
外遇,1
疑点,1
处理方式,1
眼镜,1
主旨,1
手感,1
家伙,1
老爷车,1
台词,1
厢,1
行李,1
车龄,1
小心,1
锈斑,1
总件,1
报废车,1
引擎,1
战,1
形态,1
一垒,1
正球,1
天空,1
人能,1
人行道,1
背影,1
电动车窗,1
声,1
露齿,1
咖啡店,1
家庭,1
办点,1
两码事,1
过程,1
眼神,1
脊背,1
倒计时,1
数字,1
双手,1
膝盖,1
行礼,1
无力,1
买单,1
账单,1
回家吧,1
窗框,1
手指,1
发动机,1
现象,1
皮肤病,1
时候,1
神,1
电脑,1
语速,1
年长,1
老化,1
环境,1
交通事故,1
错误,1
指示牌,1
肇事,1
建筑物,1
装置,1
成分,1
大堂,1
大白天,1
味道,1
鼻子,1
计费,1
机,1
几辆车,1
缘故,1
手势,1
录像机,1
液晶,1
银灰色,1
种类,1
详细情况,1
水,1
成膜,1
伤痕,1
大碍,1
物流,1
车主,1
关键,1
幽会,1
妻会,1
前台,1
先,1
客房,1
随身带,1
带回去,1
电梯,1
轿厢,1
设施,1
一楼,1
咖啡,1
照片,1
花草,1
茶,1
身材,1
记忆,1
水果,1
男,1
话音刚落,1
街,1
面向,1
门,1
店,1
女服务员,1
人点,1
啤酒,1
公寓,1
寿命,1
盐分,1
金属,1
电话号码,1
纸条,1
心情,1
佳肴,1
透明胶,1
纸,1
碎片,1
脑海,1
措辞,1
地问,1
投向,1
头,1
厨师,1
小店,1
店主,1
凉气,1
英语会话,1
学校,1
弟弟,1
激将法,1
态度,1
装钟,1
习惯,1
客气,1
眼泪,1
洞察,1
厄运,1
湿润,1
内场,1
席,1
媒体,1
球迷,1
座位,1
风俗习惯,1
文化,1
习俗,1
科学性,1
整件,1
人际网,1
警方,1
通话,1
饮食店,1
案发前,1
鼓掌声,1
棒球场,1
资历,1
人气,1
外行人,1
断言,1
余地,1
人类,1
一连串,1
球棒,1
空,1
