信徒,46
教团,43
事,36
大师,35
代子,34
感觉,32
力量,28
人,25
身体,25
教祖,25
净化,23
周刊,20
微波,20
房间,19
干部,19
人员,18
表情,17
男人,17
污秽,17
心灵,16
情况,16
部长,16
事情,15
事件,15
机器,15
窗户,14
时,14
摄影师,12
总编,12
装置,12
记者,11
内心,11
杂志,11
宗教,11
问,10
内容,10
双手,9
科学,9
案件,8
案子,8
体验,8
纸,8
丈夫,8
心想,7
视线,7
理由,7
姿势,7
效果,7
气功,7
室,7
总部,7
地方,7
神力,7
光明,7
商量,7
坐垫,7
女人,7
笔记本,7
神坛,7
仪式,6
灵魂,6
开口,6
低下头,6
弟子,6
笑容,6
电话,6
利用,6
奶奶,6
演技,5
门,5
污垢,5
中央,5
名字,5
标志,5
处,5
老人,5
心,5
可能性,5
警视厅,5
指,5
辖区,5
头,5
念力,5
能力,5
大学,5
样子,5
妻子,5
眼神,5
脸,5
工厂,5
僧衣,4
理念,4
原本,4
超能力,4
演员,4
身材,4
课,4
课长,4
分局,4
全身,4
全国,4
情形,4
成,4
心情,4
黑色,4
下巴,4
眼睛,4
物理学,4
兴趣,4
起居室,4
警方,4
小声,4
话,4
现象,4
声音,4
气功师,4
问道,4
好事,4
我会,4
入会费,4
婆婆,4
黑板,4
人体,4
公文包,4
表面,4
口袋,4
输出功率,4
玻璃,4
门票,4
气氛,3
原因,3
白色,3
动作,3
事态,3
方向,3
脸色,3
犯人,3
投向,3
手,3
神色,3
机会,3
股长,3
楼,3
天花板,3
现场,3
资料,3
宗教团体,3
数量,3
患者,3
类型,3
物理学家,3
关系,3
对面,3
会议,3
方法,3
杀人,3
事实,3
椅子,3
咖啡,3
帝都,3
催眠术,3
杯子,3
朝向,3
地面,3
建筑,3
道场,3
名片,3
证词,3
地步,3
女性,3
用力,3
编辑部,3
爱会,3
成员,3
财产,3
把戏,3
侵吞公款,3
专题,3
文章,3
肩膀,3
睁开眼,3
照片,3
玩意,3
见面,3
咨询者,3
间谍,3
实验室,3
火灾,3
计划,3
书架,3
人数,3
附言,3
书库,2
论坛,2
作者,2
手册,2
语调,2
信息,2
年龄,2
世人,2
现实,2
目标,2
众人,2
被称作,2
形式,2
误会,2
冥想,2
声,2
榻榻米,2
专业,2
跳窗,2
光,2
座位,2
死者,2
气势,2
指尖,2
力气,2
上司,2
医院,2
警局,2
书籍,2
专家,2
总算,2
派上用场,2
部下,2
等候,2
皮肤,2
浑身,2
气质,2
睁开,2
本名,2
资产,2
被害者,2
手掌心,2
情绪,2
方式,2
嘴角,2
状况,2
速溶,2
研究室,2
信者,2
大人,2
指头,2
全员,2
建筑物,2
画,2
主座,2
家具,2
日用品,2
职位,2
笨蛋,2
印象,2
家人,2
习惯,2
手段,2
名义,2
离谱,2
场面,2
意义,2
时机,2
同伙,2
标题,2
行礼,2
盘腿,2
低头,2
销量,2
睁开眼睛,2
秘密,2
空气,2
形容,2
鼻子,2
卖点,2
被害人,2
结案,2
命令,2
情报,2
男性,2
主犯,2
干杯,2
教事,2
形象,2
股票,2
退休金,2
脖子,2
话题,2
酒杯,2
工夫,2
媒体,2
报告,2
姐姐,2
朋友,2
学生,2
详细情况,2
试验者,2
性,2
过头,2
高度,2
加热器,2
红外线,2
含义,2
平面图,2
角度,2
仪器,2
架子,2
陶艺品,2
电梯,2
五楼,2
镜子,2
一雄,2
机关,2
电线,2
火焰,2
热度,2
热,2
原理,2
电磁波,2
水分,2
透镜,2
主谋,2
病,2
钱,2
血液循环,2
谣言,2
石本,2
客气,2
虚像,1
男女,1
程度,1
寒意,1
脊梁,1
开窗,1
季节,1
气温,1
刺骨,1
圣人,1
床,1
个人资料,1
体格,1
落发为僧,1
局面,1
参考价值,1
皱纹,1
眉间,1
耻,1
内涵,1
磐石,1
事物,1
坐姿,1
人为,1
病痛,1
招灾,1
高居,1
证据,1
徒,1
救济,1
一家人,1
脸颊,1
地站,1
事务,1
场所,1
坦白交代,1
开诚布公,1
质问,1
双腕,1
膝盖,1
收手,1
肌肉,1
原原本本,1
读者,1
傻瓜,1
闹剧,1
收场,1
功力,1
降级,1
对准,1
水面,1
念念,1
力念,1
官,1
嫌犯,1
人物,1
出面,1
劲,1
法人,1
报警,1
死因,1
脑,1
柏油,1
停车场,1
速度,1
根本原因,1
致力于,1
疗效,1
色彩,1
团体,1
地说,1
事故,1
交情,1
年轻人,1
好好学习,1
面相,1
小个子,1
实质,1
负责人,1
指教,1
声明,1
光头,1
僧侣,1
职业,1
详细描述,1
用途,1
经理,1
凶手,1
胳膊,1
胸部,1
比划,1
小心,1
心怀,1
这番话,1
心事,1
笑意,1
手掌,1
故事,1
手肘,1
啜口,1
物理系,1
友人,1
心理学,1
科,1
洗脑,1
名堂,1
判断力,1
歪路,1
目击者,1
四方形,1
肖像,1
样貌,1
底层,1
二楼,1
地点,1
装饰,1
雪花,1
结晶,1
守护神,1
条,1
高尚,1
贤者,1
铁窗,1
衷心感谢,1
理性,1
案发时,1
错事,1
夫人,1
心意,1
整体,1
教规,1
妇道人家,1
大道理,1
松口气,1
音量,1
照单全收,1
案发,1
男孩,1
银座,1
咖啡馆,1
策划,1
恶作剧,1
匿名信,1
寄信人,1
全家人,1
传言,1
强势,1
化缘,1
老人家,1
价格,1
态度改变,1
信赖,1
未免太,1
作壁上观,1
假,1
连站,1
口吻,1
拍照片,1
杯底,1
勺子,1
余地,1
立案,1
好运,1
声誉,1
利害关系,1
共犯,1
出场,1
靠墙,1
跟踪报道,1
篇幅,1
坠楼,1
校稿,1
衣服,1
社,1
主笔,1
文采,1
经历,1
数,1
眼帘,1
坏人,1
罪,1
三思,1
怒火,1
资格,1
神,1
皱眉,1
旁观,1
用心,1
地,1
后门,1
景色,1
凉风,1
谎言,1
净化器,1
道理,1
目的,1
背脊,1
力道,1
眼泪,1
决堤,1
位子,1
老花镜,1
卖力,1
噱头,1
短期内,1
动态,1
关事,1
防卫性,1
问话,1
话音刚落,1
眉头,1
互联网,1
八字,1
条目,1
直线,1
大众,1
目光,1
自导自演,1
手机,1
眼,1
电话号码,1
虎,1
居酒,1
屋,1
店,1
包厢,1
深蓝色,1
西装,1
啤,1
菜,1
公款,1
专管,1
财务,1
告密者,1
微词,1
不值,1
使者,1
服务员,1
啤送,1
节操,1
信仰,1
教义,1
眼皮,1
上桌,1
对话,1
挪用公款,1
叛徒,1
罪名,1
夹菜,1
受害人,1
主意,1
同感,1
肚里,1
书写,1
个体经营,1
衣着,1
布料,1
存款,1
前门,1
待遇,1
身陷,1
困境,1
坦率地,1
步调,1
技巧,1
光芒,1
日元,1
榨,1
图案,1
标价,1
热气,1
桌面上,1
名单,1
酒,1
头脑,1
冲击性,1
问罪,1
总,1
借机,1
知名度,1
魔法,1
热潮,1
系菜,1
美意,1
时运,1
地盘,1
家伙,1
投山,1
冰块,1
戏耍,1
咖啡厅,1
侄女,1
姐夫,1
母亲,1
少管,1
婆媳,1
猫咪,1
热门话题,1
参观,1
花钱,1
君,1
羽毛球,1
部,1
耳朵,1
手机号码,1
委托,1
议论,1
指导者,1
立场,1
头绪,1
个面,1
问问,1
领域专家,1
里脏,1
纸笔,1
录音机,1
定性描述,1
定量,1
细节,1
粉笔画,1
长方形,1
地问,1
颜色,1
过念,1
地向,1
世间,1
会员,1
体温,1
地板,1
骗人,1
保健法,1
水平,1
部位,1
境界,1
时会,1
胸站,1
手臂,1
打了个,1
响指,1
手头,1
人心,1
汗水,1
雀跃不已,1
耳闻,1
上等货,1
巨幅,1
绘画,1
价值,1
大理石,1
桌面,1
真皮沙发,1
接待室,1
桌子,1
戒备,1
朝,1
贵教,1
私事,1
话头,1
铅头,1
医生,1
建议,1
敞开大门,1
脑海,1
假装,1
心痛,1
之谜,1
问装,1
地毯,1
走廊,1
规矩,1
通融,1
让我拿,1
小号,1
字,1
星形,1
脚步声,1
手指,1
注目礼,1
帮帮我,1
人生,1
活,1
肉体,1
过度,1
胃痛,1
时日,1
身躯,1
神情,1
头发,1
错觉,1
后仰,1
消失,1
力度,1
面,1
间隙,1
角落里,1
空间,1
橱柜,1
幅宽,1
板面,1
笑声,1
鞋子,1
明信片,1
腰杆,1
心理准备,1
天线,1
电源,1
模式,1
电源开关,1
灼热感,1
狐仙,1
大火,1
老师,1
微波炉,1
水分子,1
剧烈运动,1
伤痕,1
时间,1
伤人,1
系统,1
反射性,1
地会,1
水滴,1
全,1
纸片,1
通体,1
正下方,1
障眼法,1
真面目,1
单侧,1
香槟,1
罪行,1
二课,1
顺水人情,1
无辜,1
傀儡,1
事端,1
睁大眼睛,1
入籍,1
骨子里,1
田地,1
感情,1
洋装,1
款式,1
化蝶,1
证言,1
面貌,1
技术,1
效益,1
持家,1
缩衣节食,1
消息,1
回家,1
生命保险,1
土地,1
现金,1
门路,1
说明书,1
保健产品,1
记录,1
医学,1
癌症,1
治疗法,1
建材,1
穿墙,1
地热,1
借灵,1
法人资格,1
流程,1
中心,1
推卸责任,1
知性,1
出众,1
大写,1
特写,1
信石,1
经验,1
高帽,1
核心,1
概念,1
词,1
前夫,1
房子,1
威力,1
想象,1
围观,1
护身符,1
商品,1
定价,1
雇,1
枪手,1
小屋,1
瓶颈,1
名气,1
动向,1
源头,1
账目,1
跳槽,1
敌对,1
大胆,1
低水平,1
借口,1
手法,1
预料,1
原形,1
起码,1
记者会,1
单面,1
面容,1
妇人,1
布施,1
人类,1
游戏,1
圣歌,1
枝头,1
受害者,1
团伙,1
限度,1
精神,1
夫妻,1
过程,1
拘留所,1
演戏,1
眼镜,1
人才,1
姐,1
入场券,1
镜片,1
女朋友,1
玩吧,1
行说,1
白大褂,1
